{
  "iteration": [
    1,
    2,
    3,
    4,
    5,
    6,
    7,
    8,
    9,
    10,
    11,
    12
  ],
  "best_score": [
    -1.0,
    -1.0,
    -1.0,
    3.3563109397888184,
    0.0,
    -1.0,
    -1.0,
    0.0,
    -1.0,
    0.0,
    0.0,
    5.220180892944336
  ],
  "avg_score": [
    -1.625,
    -1.5416666666666667,
    -1.5,
    -1.1369740883509318,
    -1.3333333333333333,
    -1.5416666666666667,
    -1.2916666666666667,
    -1.4166666666666667,
    -1.6666666666666667,
    -1.4166666666666667,
    -1.2916666666666667,
    -0.8983182589213053
  ],
  "computation_time": [
    3.817469358444214,
    3.0114595890045166,
    2.608011245727539,
    2.4044952392578125,
    2.200052261352539,
    1.8012957572937012,
    2.1194818019866943,
    1.821606159210205,
    1.8173983097076416,
    1.8941352367401123,
    1.8025727272033691,
    1.3211228847503662
  ]
}