{
  "总迭代次数": 12,
  "最终最佳得分": 5.220180892944336,
  "最佳得分提升": 6.220180892944336,
  "平均得分提升": 0.7266817410786947,
  "总计算时间(秒)": 26.61910057067871,
  "平均每轮时间(秒)": 2.2182583808898926,
  "收敛速度": 11
}