{
  "x_values": [
    0.9545642733573914,
    0.8744598031044006,
    -0.04059810936450958
  ],
  "y_values": [
    0.19231048226356506,
    0.716447651386261,
    0.5936814546585083
  ],
  "scores": [
    -1.0,
    3.3563109397888184,
    5.220180892944336
  ],
  "dim1": 1,
  "dim2": 3
}