{
  "x_values": [
    0.08107773959636688,
    0.38620591163635254,
    -0.43804657459259033
  ],
  "y_values": [
    0.19231048226356506,
    0.716447651386261,
    0.5936814546585083
  ],
  "scores": [
    -1.0,
    3.3563109397888184,
    5.220180892944336
  ],
  "dim1": 2,
  "dim2": 3
}