{
  "x_values": [
    0.6922281980514526,
    0.47405579686164856,
    0.8793109655380249
  ],
  "y_values": [
    0.08107773959636688,
    0.38620591163635254,
    -0.43804657459259033
  ],
  "scores": [
    -1.0,
    3.3563109397888184,
    5.220180892944336
  ],
  "dim1": 0,
  "dim2": 2
}