{
  "x_values": [
    0.6922281980514526,
    0.47405579686164856,
    0.8793109655380249
  ],
  "y_values": [
    0.9545642733573914,
    0.8744598031044006,
    -0.04059810936450958
  ],
  "scores": [
    -1.0,
    3.3563109397888184,
    5.220180892944336
  ],
  "dim1": 0,
  "dim2": 1
}