{
  "x_values": [
    0.6922281980514526,
    0.47405579686164856,
    0.8793109655380249
  ],
  "y_values": [
    0.19231048226356506,
    0.716447651386261,
    0.5936814546585083
  ],
  "scores": [
    -1.0,
    3.3563109397888184,
    5.220180892944336
  ],
  "dim1": 0,
  "dim2": 3
}