{
  "intrinsic_dim": [
    24,
    24
  ],
  "batch_size": [
    12,
    12
  ],
  "final_score": [
    null,
    -1.5
  ],
  "total_time": [
    4.0531158447265625e-06,
    3589.0427870750427
  ]
}