{
  "总迭代次数": 16,
  "最终最佳得分": 5.787025284767151,
  "最佳得分提升": -0.8050025612115856,
  "平均得分提升": -1.8804105721414088,
  "总计算时间(秒)": 32.45328140258789,
  "平均每轮时间(秒)": 2.028330087661743,
  "收敛速度": 0
}