{
  "iteration": [
    1,
    2,
    3,
    4,
    5,
    6,
    7,
    8,
    9,
    10,
    11,
    12,
    13,
    14,
    15,
    16
  ],
  "best_score": [
    6.592027845978737,
    4.825401306152344,
    5.161341726779938,
    2.998424530029297,
    4.806756091117859,
    6.123931589722633,
    1.002644443511963,
    5.299963653087616,
    0.0,
    5.764196050167084,
    2.466904640197754,
    5.859151056408882,
    5.520722961425781,
    5.677954924106598,
    4.834068417549133,
    5.787025284767151
  ],
  "avg_score": [
    1.3626626792053382,
    -0.4813493887583415,
    0.021977596481641142,
    -0.7501312891642252,
    0.21630761424700426,
    -0.09633994176983836,
    -0.9581129630406697,
    -0.266669695576032,
    -1.0,
    -0.3529836624860763,
    -0.7944246133168539,
    1.5489385835826397,
    -0.2911561568578085,
    0.9736301620801292,
    0.39847771128018694,
    -0.5177478929360707
  ],
  "computation_time": [
    4.017787456512451,
    2.8628461360931396,
    2.4132578372955322,
    2.358525276184082,
    2.2601451873779297,
    1.8196351528167725,
    1.805131435394287,
    1.7451272010803223,
    1.7639410495758057,
    2.2495040893554688,
    2.213271141052246,
    1.3746507167816162,
    1.4157919883728027,
    1.3820040225982666,
    1.3314387798309326,
    1.4402239322662354
  ]
}