{
  "x_values": [
    0.8614767789840698,
    -0.42150261998176575,
    0.201482355594635
  ],
  "y_values": [
    0.5702548623085022,
    0.9148949384689331,
    0.08766932040452957
  ],
  "scores": [
    0.0,
    5.718223035335541,
    6.592027845978737
  ],
  "dim1": 0,
  "dim2": 3
}