{
  "x_values": [
    0.5045157670974731,
    0.7755627632141113,
    0.9984461665153503
  ],
  "y_values": [
    0.5702548623085022,
    0.9148949384689331,
    0.08766932040452957
  ],
  "scores": [
    0.0,
    5.718223035335541,
    6.592027845978737
  ],
  "dim1": 2,
  "dim2": 3
}