{
  "x_values": [
    0.8614767789840698,
    -0.42150261998176575,
    0.201482355594635
  ],
  "y_values": [
    0.16601133346557617,
    0.3614344298839569,
    -0.11673352122306824
  ],
  "scores": [
    0.0,
    5.718223035335541,
    6.592027845978737
  ],
  "dim1": 0,
  "dim2": 1
}