{
  "intrinsic_dim": [
    12,
    12
  ],
  "batch_size": [
    12,
    12
  ],
  "final_score": [
    null,
    5.857633531093597
  ],
  "total_time": [
    3.814697265625e-06,
    4524.883063316345
  ]
}