{
  "x_values": [
    0.16601133346557617,
    0.3614344298839569,
    -0.11673352122306824
  ],
  "y_values": [
    0.5702548623085022,
    0.9148949384689331,
    0.08766932040452957
  ],
  "scores": [
    0.0,
    5.718223035335541,
    6.592027845978737
  ],
  "dim1": 1,
  "dim2": 3
}