{
  "x_values": [
    0.8614767789840698,
    -0.42150261998176575,
    0.201482355594635
  ],
  "y_values": [
    0.5045157670974731,
    0.7755627632141113,
    0.9984461665153503
  ],
  "scores": [
    0.0,
    5.718223035335541,
    6.592027845978737
  ],
  "dim1": 0,
  "dim2": 2
}