{
  "x_values": [
    0.16601133346557617,
    0.3614344298839569,
    -0.11673352122306824
  ],
  "y_values": [
    0.5045157670974731,
    0.7755627632141113,
    0.9984461665153503
  ],
  "scores": [
    0.0,
    5.718223035335541,
    6.592027845978737
  ],
  "dim1": 1,
  "dim2": 2
}