{
  "iteration": [
    1,
    2,
    3,
    4,
    5,
    6,
    7,
    8,
    9,
    10,
    11,
    12,
    13,
    14,
    15,
    16
  ],
  "best_score": [
    5.923163339495659,
    5.269824266433716,
    5.406652569770813,
    0.0,
    0.0,
    5.128259301185608,
    5.905736677348614,
    5.725453446805477,
    0.0,
    4.234889507293701,
    5.536016255617142,
    5.379503905773163,
    4.70583963394165,
    5.294181227684021,
    4.244640588760376,
    5.1211318373680115
  ],
  "avg_score": [
    0.5538562399645647,
    0.42041011651357013,
    -0.9567603170871735,
    -1.125,
    -1.0833333333333333,
    0.2768172224362691,
    -0.27304230195780593,
    0.2656860906630754,
    -0.7916666666666666,
    -1.004952311515808,
    0.39201878756284714,
    -0.6350413411855698,
    -0.7328466971715292,
    0.572269136706988,
    -0.7296132842699686,
    -0.1564235637585322
  ],
  "computation_time": [
    4.2368152141571045,
    2.797670602798462,
    2.710439682006836,
    1.898949384689331,
    2.0269713401794434,
    1.5963490009307861,
    1.9618256092071533,
    1.6632487773895264,
    1.6334991455078125,
    2.1884613037109375,
    1.8192360401153564,
    1.8185062408447266,
    1.6711759567260742,
    1.6225836277008057,
    1.967552661895752,
    5.360340118408203
  ]
}