{
  "intrinsic_dim": [
    12,
    12
  ],
  "batch_size": [
    12,
    12
  ],
  "final_score": [
    null,
    5.29114556312561
  ],
  "total_time": [
    4.5299530029296875e-06,
    4278.863968849182
  ]
}