{
  "x_values": [
    0.8614767789840698,
    0.943912923336029,
    0.34486040472984314
  ],
  "y_values": [
    0.5045157670974731,
    0.6190227270126343,
    0.9998961091041565
  ],
  "scores": [
    0.0,
    5.897093862295151,
    5.923163339495659
  ],
  "dim1": 0,
  "dim2": 2
}