{
  "x_values": [
    0.8614767789840698,
    0.943912923336029,
    0.34486040472984314
  ],
  "y_values": [
    0.5702548623085022,
    0.22897525131702423,
    0.8659894466400146
  ],
  "scores": [
    0.0,
    5.897093862295151,
    5.923163339495659
  ],
  "dim1": 0,
  "dim2": 3
}