{
  "x_values": [
    0.16601133346557617,
    0.021079910919070244,
    0.6122809052467346
  ],
  "y_values": [
    0.5702548623085022,
    0.22897525131702423,
    0.8659894466400146
  ],
  "scores": [
    0.0,
    5.897093862295151,
    5.923163339495659
  ],
  "dim1": 1,
  "dim2": 3
}