{
  "x_values": [
    0.5045157670974731,
    0.6190227270126343,
    0.9998961091041565
  ],
  "y_values": [
    0.5702548623085022,
    0.22897525131702423,
    0.8659894466400146
  ],
  "scores": [
    0.0,
    5.897093862295151,
    5.923163339495659
  ],
  "dim1": 2,
  "dim2": 3
}