{
  "x_values": [
    0.8614767789840698,
    0.943912923336029,
    0.34486040472984314
  ],
  "y_values": [
    0.16601133346557617,
    0.021079910919070244,
    0.6122809052467346
  ],
  "scores": [
    0.0,
    5.897093862295151,
    5.923163339495659
  ],
  "dim1": 0,
  "dim2": 1
}