{
  "x_values": [
    0.16601133346557617,
    0.021079910919070244,
    0.6122809052467346
  ],
  "y_values": [
    0.5045157670974731,
    0.6190227270126343,
    0.9998961091041565
  ],
  "scores": [
    0.0,
    5.897093862295151,
    5.923163339495659
  ],
  "dim1": 1,
  "dim2": 2
}