intrinsic_dim,n_init,n_iterations,batch_size,final_score,total_time
12,24,24,12,,7.152557373046875e-06
12,24,24,12,2.6849218845367435,8370.3687210083
