{
  "iteration": [
    1,
    2,
    3,
    4,
    5,
    6,
    7,
    8,
    9,
    10,
    11,
    12,
    13,
    14,
    15,
    16,
    17,
    18,
    19,
    20,
    21,
    22,
    23,
    24
  ],
  "best_score": [
    4.97453225851059,
    5.277726098895073,
    5.675636627525091,
    2.534934949874878,
    5.138972282409668,
    5.762931519746781,
    5.487858867645263,
    5.773542320728302,
    3.676691102981567,
    7.2429133534431465,
    4.996639561653137,
    4.64032015800476,
    5.30265828371048,
    5.768472284078598,
    4.187584853172302,
    5.5925926804542545,
    5.702224949002266,
    4.644487595558166,
    5.472423273324966,
    5.946946370601654,
    4.799797749519348,
    4.903850877285004,
    0.0,
    5.573859167098999
  ],
  "avg_score": [
    0.027545635402202635,
    0.8159638531506062,
    0.5645614536479117,
    -0.41375542084376016,
    0.3488858222961426,
    0.2907609586914381,
    0.1909421950578689,
    -0.47720480660597486,
    -0.48527574141820273,
    1.0034439891576767,
    0.46781491637229927,
    -1.2321744004885355,
    -0.3836472739775975,
    -0.24554605931043624,
    -0.1155532519022624,
    1.0425143539905548,
    -0.09286845301588371,
    -0.6546260337034862,
    0.01676707019408541,
    -0.1050404707590739,
    -0.3832315027713776,
    0.4890949328740439,
    -1.125,
    0.10733354687690737
  ],
  "computation_time": [
    5.1998982429504395,
    4.301093578338623,
    3.0422463417053223,
    2.5333845615386963,
    2.6939239501953125,
    2.1063528060913086,
    2.1964709758758545,
    2.130044460296631,
    2.4044368267059326,
    2.1863627433776855,
    2.3664515018463135,
    1.7059922218322754,
    1.9512441158294678,
    1.849708080291748,
    1.9846997261047363,
    1.8554489612579346,
    1.8595829010009766,
    2.687464952468872,
    2.849224805831909,
    2.427560329437256,
    2.1514132022857666,
    2.4723217487335205,
    2.4364469051361084,
    2.4039595127105713
  ]
}