{
  "总迭代次数": 24,
  "最终最佳得分": 5.573859167098999,
  "最佳得分提升": 0.5993269085884094,
  "平均得分提升": 0.07978791147470474,
  "总计算时间(秒)": 59.79573345184326,
  "平均每轮时间(秒)": 2.4914888938268027,
  "收敛速度": 1
}