{
  "intrinsic_dim": [
    12,
    12
  ],
  "batch_size": [
    12,
    12
  ],
  "final_score": [
    null,
    2.6849218845367435
  ],
  "total_time": [
    7.152557373046875e-06,
    8370.3687210083
  ]
}