{
  "x_values": [
    0.8614767789840698,
    0.5090993642807007,
    0.43816155195236206,
    0.9639070630073547,
    0.1400846242904663,
    -0.9361968040466309,
    0.14299128949642181,
    -0.44704556465148926
  ],
  "y_values": [
    0.5702548623085022,
    0.5168206095695496,
    0.41972047090530396,
    0.7867211103439331,
    0.31029805541038513,
    0.9214684367179871,
    0.09982745349407196,
    -0.12472209334373474
  ],
  "scores": [
    0.0,
    4.97453225851059,
    5.277726098895073,
    5.386782491207123,
    5.675636627525091,
    5.762931519746781,
    5.773542320728302,
    7.2429133534431465
  ],
  "dim1": 0,
  "dim2": 3
}