{
  "x_values": [
    0.8614767789840698,
    0.5090993642807007,
    0.43816155195236206,
    0.9639070630073547,
    0.1400846242904663,
    -0.9361968040466309,
    0.14299128949642181,
    -0.44704556465148926
  ],
  "y_values": [
    0.16601133346557617,
    0.35941842198371887,
    0.5160148739814758,
    0.43262970447540283,
    -0.6023386716842651,
    0.5848667621612549,
    0.3165283203125,
    0.45360076427459717
  ],
  "scores": [
    0.0,
    4.97453225851059,
    5.277726098895073,
    5.386782491207123,
    5.675636627525091,
    5.762931519746781,
    5.773542320728302,
    7.2429133534431465
  ],
  "dim1": 0,
  "dim2": 1
}