{
  "x_values": [
    0.16601133346557617,
    0.35941842198371887,
    0.5160148739814758,
    0.43262970447540283,
    -0.6023386716842651,
    0.5848667621612549,
    0.3165283203125,
    0.45360076427459717
  ],
  "y_values": [
    0.5045157670974731,
    0.26565879583358765,
    0.8454717397689819,
    0.44001078605651855,
    0.7516877055168152,
    0.090610072016716,
    0.6086503863334656,
    -0.08041328936815262
  ],
  "scores": [
    0.0,
    4.97453225851059,
    5.277726098895073,
    5.386782491207123,
    5.675636627525091,
    5.762931519746781,
    5.773542320728302,
    7.2429133534431465
  ],
  "dim1": 1,
  "dim2": 2
}