{
  "x_values": [
    0.5045157670974731,
    0.26565879583358765,
    0.8454717397689819,
    0.44001078605651855,
    0.7516877055168152,
    0.090610072016716,
    0.6086503863334656,
    -0.08041328936815262
  ],
  "y_values": [
    0.5702548623085022,
    0.5168206095695496,
    0.41972047090530396,
    0.7867211103439331,
    0.31029805541038513,
    0.9214684367179871,
    0.09982745349407196,
    -0.12472209334373474
  ],
  "scores": [
    0.0,
    4.97453225851059,
    5.277726098895073,
    5.386782491207123,
    5.675636627525091,
    5.762931519746781,
    5.773542320728302,
    7.2429133534431465
  ],
  "dim1": 2,
  "dim2": 3
}