{
  "x_values": [
    0.16601133346557617,
    0.35941842198371887,
    0.5160148739814758,
    0.43262970447540283,
    -0.6023386716842651,
    0.5848667621612549,
    0.3165283203125,
    0.45360076427459717
  ],
  "y_values": [
    0.5702548623085022,
    0.5168206095695496,
    0.41972047090530396,
    0.7867211103439331,
    0.31029805541038513,
    0.9214684367179871,
    0.09982745349407196,
    -0.12472209334373474
  ],
  "scores": [
    0.0,
    4.97453225851059,
    5.277726098895073,
    5.386782491207123,
    5.675636627525091,
    5.762931519746781,
    5.773542320728302,
    7.2429133534431465
  ],
  "dim1": 1,
  "dim2": 3
}