{
  "iteration": 10,
  "candidate_points": [
    [
      0.00925814047908164,
      -0.2519856065192058,
      0.4244042496098778,
      0.4241263057211566,
      0.2757752779211849,
      0.7402859432602762,
      0.8117696090843396,
      0.21119509952040003,
      0.9117483172904217,
      0.3850066326940169,
      0.4653428773082252,
      0.9239246769759002
    ],
    [
      0.009275420090038922,
      -0.252210022116617,
      0.4243990492507661,
      0.42410558612625443,
      0.2758054779781846,
      0.740220600853715,
      0.8115432779361929,
      0.21111782813861227,
      0.9115259418032435,
      0.3849343550524606,
      0.46528055341899416,
      0.923962863953665
    ],
    [
      0.04843628738957766,
      -0.11671043932006951,
      0.35887379324407126,
      0.4238596297020427,
      0.16584056774385836,
      0.8490813476392101,
      0.8882447797358027,
      0.2057243470889536,
      1.0,
      0.4510978894665293,
      0.45020419229920783,
      0.9829418595649652
    ],
    [
      0.009305674668353463,
      -0.25196206862777226,
      0.4243959104344362,
      0.4241625153523543,
      0.2757567602407988,
      0.7403782636926278,
      0.811696939277745,
      0.2111839493490905,
      0.9117633704839427,
      0.3848763010630809,
      0.4653475853870816,
      0.9239401794306631
    ],
    [
      0.00920477437483251,
      -0.2517390236392199,
      0.4243473144676221,
      0.42429275110338377,
      0.2759053972598584,
      0.7403430881840796,
      0.8116560422140371,
      0.21103984356030933,
      0.9117535980362336,
      0.38496447590958144,
      0.46525788716208477,
      0.9238937037308884
    ],
    [
      0.009245829444259954,
      -0.2519423301931374,
      0.42440209557968533,
      0.42418982512598646,
      0.275762675943794,
      0.7402162948019302,
      0.8118109937994203,
      0.21120379387913038,
      0.9117362074504785,
      0.38509907830898527,
      0.46533133856149556,
      0.9239641589972057
    ],
    [
      0.0005987738363875911,
      -0.2579650556394484,
      0.39602686827450734,
      0.42325142040240804,
      0.2916035717464656,
      0.7582144560409979,
      0.8223744941226818,
      0.2338899507698116,
      0.9359946870120663,
      0.36140744715629447,
      0.48613409146719333,
      0.9221124402918497
    ],
    [
      0.016755607845324462,
      -0.24766818960391507,
      0.40192320150067073,
      0.4470464062860224,
      0.23808720319650742,
      0.6946360073146334,
      0.7779010668877911,
      0.21224022429683537,
      0.9171461255405395,
      0.3744809978046551,
      0.5271775832963812,
      0.933565990858541
    ],
    [
      0.009202677362412466,
      -0.25202936186320507,
      0.42461657819609766,
      0.4239907633025431,
      0.27581573919514524,
      0.7403213027122506,
      0.8118673921842338,
      0.21114089585661436,
      0.9116681947134332,
      0.38489916554674136,
      0.4653041640482173,
      0.9237560414669126
    ],
    [
      0.009151919548166418,
      -0.25205367621289004,
      0.4243804921628835,
      0.42417170466788995,
      0.27577799019089494,
      0.7401624957936305,
      0.811943862733811,
      0.2112438809610719,
      0.9117557176050062,
      0.3850795222129678,
      0.46547555856549727,
      0.9239046455282447
    ],
    [
      0.00934375110631079,
      -0.251894208194827,
      0.42440663648875837,
      0.4239840753036416,
      0.27575660664034507,
      0.7405718758686088,
      0.8116938922438351,
      0.21120182808957194,
      0.9118174503221023,
      0.3847765653404934,
      0.4652645396117208,
      0.9239127223765643
    ],
    [
      0.009357741962277828,
      -0.2521130570125637,
      0.4242994047073927,
      0.4240386956248172,
      0.275693309975561,
      0.7404235491101395,
      0.8117045473001812,
      0.21130699391020383,
      0.9118700064803241,
      0.38485488565632314,
      0.4654648892125826,
      0.9239697202007954
    ]
  ],
  "timestamp": 1746942942.1130486,
  "model_state": {
    "lengthscale": [
      [
        0.39114798910609516,
        0.3396987038347787,
        0.3441839600479347,
        0.34463592383804087,
        0.34954036640283165,
        0.3684992975933957,
        0.34826241672281905,
        0.34467755044265647,
        0.3785873520090019,
        0.362859308435684,
        0.35375089116185277,
        0.3469599084673076
      ]
    ],
    "noise": [
      0.8896541395320472
    ],
    "outputscale": 0.10770382814295339
  }
}