{
  "iteration": 1,
  "candidate_points": [
    [
      0.7964340445437641,
      -0.10464084841740598,
      0.09091753110261977,
      0.32753172019316623,
      0.6218413125871821,
      0.17880711344351802,
      0.3146040720039235,
      0.9353948139789036,
      0.23359082818880064,
      0.7630545873588419,
      0.6838169169566581,
      0.47996521872588205
    ],
    [
      -0.040222433131345714,
      -0.1044955184119629,
      0.21132619229923458,
      0.11993224098930824,
      0.3121194550658718,
      0.6720013608884483,
      0.7989406814720162,
      0.15559418919052753,
      0.7685205482488195,
      0.45721877123660726,
      0.5392800404458947,
      0.8383794590179785
    ],
    [
      0.18555836980873505,
      -0.8779663298556952,
      -0.05967735510082204,
      0.1100950218172254,
      0.7264031468661477,
      0.6148270841349127,
      0.8745708002632325,
      0.18641414368479176,
      0.7143210179381597,
      0.6073968765202291,
      -0.4595081004719852,
      0.11094851031817855
    ],
    [
      0.9733409168463234,
      0.9088861828866046,
      0.27397177910699305,
      0.8930178062099321,
      0.3224896321447798,
      0.46204773132645727,
      0.7122011502760934,
      0.25212526177456557,
      -0.428390439223443,
      0.90015177758275,
      0.4710545204004272,
      0.6892844255569922
    ],
    [
      0.19350840341385026,
      0.37929489977891806,
      0.414962814054638,
      -0.3683338087260434,
      0.7534733236234035,
      -0.24283646067302728,
      0.6480163062184471,
      -0.18012605295716183,
      -0.12458818022227022,
      0.94511929594833,
      0.9607347942878023,
      -0.06651853548617709
    ],
    [
      0.8964224431577976,
      -0.31740991800229545,
      -0.028415777429380142,
      -0.6447992650023631,
      -0.05720835461056043,
      0.28138379554560844,
      0.42508945978689794,
      0.8650617859645594,
      0.45104423230097396,
      0.64885466835974,
      0.04562496409480083,
      -0.7393273061117784
    ],
    [
      0.4232412449853604,
      0.6618978525068144,
      0.4933797530441014,
      0.14416884554778492,
      0.18546034789474783,
      0.5114876755725014,
      -0.48075764454555625,
      0.6821615416945532,
      0.9531941499992701,
      0.8314797990521307,
      0.6842826712672592,
      -0.10283909770223319
    ],
    [
      0.676948130507698,
      -0.41858780677186963,
      0.04075932090209913,
      0.4843865129105948,
      0.8812940858533966,
      0.1276647685517059,
      0.048156452009177945,
      0.724711761384202,
      0.5910898338773063,
      0.8776916325115309,
      0.5739588066414908,
      0.7995129876555639
    ],
    [
      0.08909622227973985,
      -0.4037322232958108,
      0.35426774738010963,
      0.46876248727273456,
      0.544009045165338,
      0.7070773553257395,
      0.7211097797203271,
      0.9557070023056984,
      -0.025860862997527,
      0.04553263897112997,
      0.8479943243360988,
      -0.35206536205778344
    ],
    [
      0.12499421383138164,
      -0.11075087380447084,
      0.3105968939228656,
      -0.16430571185526407,
      0.4530136172329813,
      0.01440020938746107,
      -0.3347973573262803,
      0.27300629713165164,
      0.5854929612646287,
      -0.1784481843019376,
      0.12808606661303085,
      -0.4189689629817333
    ],
    [
      0.787940885241607,
      0.93652064762829,
      -0.13701909414688293,
      0.8270312552130401,
      0.7420664351421579,
      0.021176695273439572,
      0.20741054801553555,
      0.43424340541135104,
      0.6480477706363315,
      0.6674909267137399,
      0.3815546995421751,
      -0.24600512364396807
    ],
    [
      0.43664466076985226,
      -0.21198917327624725,
      -0.2207800409796197,
      0.6740856845343632,
      0.17335507016488386,
      0.025145587551405467,
      0.25651802608836427,
      0.8913430405158018,
      0.11669702133831006,
      0.4975432496726644,
      0.013421330031680126,
      0.5069987128179797
    ]
  ],
  "timestamp": 1746939574.4544454,
  "model_state": {
    "lengthscale": [
      [
        0.3333488178105643,
        0.33333521481382683,
        0.33333767157023075,
        0.33333225567679114,
        0.33334148366466865,
        0.33332389502039705,
        0.3333415071896663,
        0.3333316499164645,
        0.3333400879205751,
        0.3333391928774275,
        0.3333433225315863,
        0.33333552528119453
      ]
    ],
    "noise": [
      0.9625287149706537
    ],
    "outputscale": 4.170842486928978e-07
  }
}