{
  "iteration": 9,
  "candidate_points": [
    [
      -0.1716299238056761,
      -0.13709205547087025,
      0.31699885696170815,
      0.18888105838804323,
      0.29727865779133344,
      0.520352822895519,
      0.7339205452427829,
      0.27523200390919944,
      0.9727940685822687,
      0.324334724300582,
      0.4166889830852263,
      0.9127986643426426
    ],
    [
      -0.17382161674600968,
      -0.13876940324711196,
      0.31721659600188234,
      0.18880403783087948,
      0.30015754748505774,
      0.5190195005992263,
      0.7329363429284099,
      0.2743229225678887,
      0.9716201124199253,
      0.322075666710444,
      0.41834804659378755,
      0.9097220561493169
    ],
    [
      -0.17174225626435075,
      -0.13848289697806515,
      0.317497403817867,
      0.18938911610858067,
      0.29814432868216023,
      0.5196782385516356,
      0.7324640786949559,
      0.27421232801524664,
      0.9718147166692256,
      0.32351384020629304,
      0.4168242916183947,
      0.9119772888694762
    ],
    [
      -0.17159958248414187,
      -0.1400131710236125,
      0.3185180243489536,
      0.19034939777812313,
      0.29899474405084087,
      0.5193719231361309,
      0.7318847903932698,
      0.273232118037665,
      0.970940982121511,
      0.3228998810249894,
      0.416864720322807,
      0.911142305881377
    ],
    [
      -0.17428027452330955,
      -0.13903450740489415,
      0.31646816654519533,
      0.18765623086281333,
      0.29994582174305207,
      0.518199249706344,
      0.7323378819107116,
      0.2748662551116521,
      0.9712457467585061,
      0.32248890466215346,
      0.4185180737966402,
      0.9100360312029481
    ],
    [
      -0.17320822049879048,
      -0.1393415188214371,
      0.31804970627867385,
      0.18958317970993632,
      0.30002565047924756,
      0.5190682715164283,
      0.7328931657700034,
      0.2737605646240256,
      0.9713045066818484,
      0.32226825232432715,
      0.4179026356109439,
      0.9098372871674665
    ],
    [
      -0.17338847677284627,
      -0.13942228689464226,
      0.3192232552728479,
      0.19171106462623402,
      0.30140096838134867,
      0.5201118815087713,
      0.7341001076394598,
      0.2727432005931948,
      0.9719799376394944,
      0.3204958130330282,
      0.419046976392338,
      0.9078219322400864
    ],
    [
      -0.17394669829974918,
      -0.1387347427938192,
      0.3178324280571694,
      0.18938154533254073,
      0.30030352355299283,
      0.5185419117210908,
      0.733520584063054,
      0.2740089879993071,
      0.9713193291670955,
      0.32283485287089964,
      0.4179735166731572,
      0.909681502095313
    ],
    [
      -0.1729568884467792,
      -0.1370208229670875,
      0.31547402160723975,
      0.18732475643634916,
      0.297994992073829,
      0.519223823447636,
      0.7323394263322907,
      0.27561314366863593,
      0.9721012754264248,
      0.3240349717400991,
      0.41706002585854407,
      0.912591078612806
    ],
    [
      -0.17294433061541417,
      -0.13853297368302167,
      0.3180969667542666,
      0.18936929654628154,
      0.2994114342475243,
      0.5191993640832595,
      0.7331908966359582,
      0.2738357327290008,
      0.9715388219647523,
      0.32289125091158727,
      0.41722242525759673,
      0.9104630409997932
    ],
    [
      -0.1735196176482825,
      -0.13861233145373544,
      0.3175701835351859,
      0.18926633290287959,
      0.2999313499272439,
      0.5191261590203557,
      0.7332701425151361,
      0.27415422479336415,
      0.9716959914293184,
      0.3224360041378984,
      0.4180442972381361,
      0.9099505127633841
    ],
    [
      -0.17340965607359474,
      -0.13911059204590576,
      0.31783666927463844,
      0.1892588475753486,
      0.30020420909429163,
      0.5191247189749638,
      0.7324848223445469,
      0.2736873687744935,
      0.9711569978391882,
      0.3219766237955936,
      0.41782610934269926,
      0.909743549655868
    ]
  ],
  "timestamp": 1746942603.337248,
  "model_state": {
    "lengthscale": [
      [
        0.39192824297392004,
        0.3405542564325805,
        0.3447560611810701,
        0.34581571140855694,
        0.35363936929342155,
        0.3481730265365852,
        0.34973910999775026,
        0.35093984074079926,
        0.3381053154143744,
        0.35194216134750084,
        0.33435028005974754,
        0.3512033973023826
      ]
    ],
    "noise": [
      0.8976247276442553
    ],
    "outputscale": 0.0983550038381388
  }
}