{
  "iteration": 7,
  "candidate_points": [
    [
      0.09360588872976187,
      0.06898032336412561,
      0.3590870199649205,
      0.13957028061668147,
      0.23125853888820752,
      0.5023567721288147,
      0.7662318431504129,
      0.23011387252909657,
      0.6564309999313139,
      0.3379773232566009,
      0.712752688782499,
      0.8906870538809935
    ],
    [
      0.0936359557052964,
      0.06889846274570109,
      0.3590681959562286,
      0.1395596708705149,
      0.23128596358091133,
      0.5023151971106674,
      0.7663181310203898,
      0.2301780743923693,
      0.6564311201826396,
      0.3379760380885806,
      0.7127533737277599,
      0.8907211209774416
    ],
    [
      0.09369069861943817,
      0.06892957535198392,
      0.3590552132350859,
      0.13954762212756533,
      0.2312943102405091,
      0.5023622847514811,
      0.7663121941927942,
      0.2301399274961494,
      0.6564260861666009,
      0.3379534509935278,
      0.7127619583435767,
      0.8907231024067801
    ],
    [
      0.09363709726013725,
      0.06891143892514763,
      0.3590591458959583,
      0.13959014464013264,
      0.23128388737715652,
      0.5023125761678224,
      0.7662845472919698,
      0.23014444215991933,
      0.6564580991974925,
      0.3379839954163155,
      0.7127561569810968,
      0.8907155949085037
    ],
    [
      0.09346945385494417,
      0.06875242438665966,
      0.35907099316156954,
      0.13962931132902687,
      0.23137331879574358,
      0.5019674416178489,
      0.7662718353440573,
      0.23023285139428454,
      0.6566454413469308,
      0.3380000043290509,
      0.7127659132499591,
      0.8905476482785349
    ],
    [
      0.0937764547688878,
      0.06889912998088031,
      0.35900950326318304,
      0.13960857504505975,
      0.23131366055062802,
      0.5023344958869954,
      0.7663013840388936,
      0.2301237317121179,
      0.6563300036322244,
      0.3380118033430218,
      0.7127613838514916,
      0.8908110119521162
    ],
    [
      0.09360810059662902,
      0.0689487711228292,
      0.3590680718120475,
      0.13960474471706572,
      0.23129768852823065,
      0.5023402111522896,
      0.7662673398444153,
      0.2301375591824628,
      0.6564433219645206,
      0.33793431285297926,
      0.7127728183946329,
      0.8906841210557339
    ],
    [
      0.09360234126407657,
      0.0689962408592611,
      0.3590006347335934,
      0.13971477870224092,
      0.2313617213314603,
      0.5022916306942445,
      0.766243064345581,
      0.23006117664892184,
      0.6565092978472387,
      0.33787856873379263,
      0.7127745803305425,
      0.890666587619498
    ],
    [
      0.0935954642541121,
      0.06889720588504572,
      0.3591124778076392,
      0.13955770764133738,
      0.23129716336717712,
      0.5022926728599149,
      0.7663369408971953,
      0.23020126041209416,
      0.6564259662304832,
      0.3379524331150411,
      0.7127275656860768,
      0.8906929117016799
    ],
    [
      0.0936149755445786,
      0.06897290916019697,
      0.3590210952477115,
      0.1395205878302047,
      0.23129050091197376,
      0.5023002498514513,
      0.7662360158163493,
      0.2301699283448004,
      0.6564272530363132,
      0.3379467592985333,
      0.712701679171614,
      0.8907526281353243
    ],
    [
      0.09363030469156342,
      0.06886134681942412,
      0.3591141528013908,
      0.13948205515678017,
      0.23127726211507674,
      0.5023005696162371,
      0.766342604345698,
      0.23019328866292552,
      0.6563950947781998,
      0.3380047435157586,
      0.7127316287400258,
      0.8907103499406709
    ],
    [
      0.09366435194895978,
      0.06888186632486966,
      0.35901181788270087,
      0.13960354508596504,
      0.23129642378918913,
      0.502319557565205,
      0.766291759986724,
      0.23017711124278234,
      0.6564797816613848,
      0.33795884057419817,
      0.7127952534014226,
      0.8907366953392272
    ]
  ],
  "timestamp": 1746941876.98242,
  "model_state": {
    "lengthscale": [
      [
        0.3413968395077508,
        0.3395250930504826,
        0.3425937767112489,
        0.34177820926123104,
        0.34442340540703964,
        0.3375522387709866,
        0.342876239160594,
        0.34929569934483434,
        0.33646468047583244,
        0.351079968250231,
        0.33290502241489744,
        0.3563073198385345
      ]
    ],
    "noise": [
      0.8702816427374283
    ],
    "outputscale": 0.12180558058991216
  }
}