{
  "iteration": 6,
  "candidate_points": [
    [
      -0.018630715141034957,
      -0.08952129129218422,
      0.329193215000592,
      0.07560618358137576,
      0.46471750488547964,
      0.6656228136626591,
      0.759175238221754,
      0.1532136077841918,
      0.8291130755741768,
      0.47695389719755216,
      0.6502076919937261,
      1.0
    ],
    [
      -0.018647650864195727,
      -0.08945985442757268,
      0.3292287537317582,
      0.07558971025825836,
      0.46476388719437556,
      0.6656467016861143,
      0.7591565836843215,
      0.15316583888683774,
      0.8290912959765002,
      0.4769784643225821,
      0.6501782905946554,
      1.0
    ],
    [
      -0.018578773449074455,
      -0.08941332062104057,
      0.32918270454008214,
      0.07554101237210868,
      0.46471342684479117,
      0.6656301299563022,
      0.7591806464471706,
      0.15319461446222926,
      0.8291000074659703,
      0.4769426942811399,
      0.6502142094202455,
      1.0
    ],
    [
      -0.018682454561367245,
      -0.08950456362493237,
      0.32922874566195703,
      0.0755381905591543,
      0.46480470127693607,
      0.6656912183829615,
      0.7592313720185446,
      0.15317223862006812,
      0.8290287260958181,
      0.47701368495583857,
      0.6500724326318916,
      1.0
    ],
    [
      -0.018531513320301788,
      -0.08937669763697188,
      0.32925630567723424,
      0.07551724798908477,
      0.46482768395448854,
      0.6656467455559363,
      0.7591969542191421,
      0.15315175018543015,
      0.8289409762328037,
      0.4769386979302449,
      0.6500863793757171,
      1.0
    ],
    [
      -0.018687557312384497,
      -0.08947364347520309,
      0.3292435366295106,
      0.07556644392649638,
      0.4647636067114594,
      0.6657225557090388,
      0.7591830383070024,
      0.15320812242086107,
      0.82901855412218,
      0.4769654006586887,
      0.6501205810436477,
      1.0
    ],
    [
      -0.01869029213401833,
      -0.08946885805835217,
      0.3292518534050236,
      0.0755929617370952,
      0.4647426548831197,
      0.6656538111816245,
      0.7591346907219707,
      0.15316275734801,
      0.829010964163114,
      0.47706770456171854,
      0.650079100218451,
      1.0
    ],
    [
      -0.018602572590354253,
      -0.08944462050755467,
      0.32925263174719305,
      0.07552575085022833,
      0.46470364725771096,
      0.6656988532132168,
      0.7591702645865165,
      0.15318452626401513,
      0.8290313411075056,
      0.4769852527534453,
      0.650126896938862,
      1.0
    ],
    [
      -0.01865530431838877,
      -0.08945022530775473,
      0.3291894477482807,
      0.07556970271128556,
      0.4647861705342813,
      0.6657772846310923,
      0.7591864834661997,
      0.15318781660872113,
      0.829034311948228,
      0.4769951711245228,
      0.6500887745196072,
      1.0
    ],
    [
      -0.01865222602648992,
      -0.08946848250146716,
      0.3292097250824264,
      0.07560500409508016,
      0.46478068219336344,
      0.6657315216984127,
      0.7592133465570599,
      0.15316900115601553,
      0.8290280978790178,
      0.47699343812104256,
      0.6500936237446009,
      1.0
    ],
    [
      -0.018669382377765987,
      -0.0894284811461141,
      0.3291628124787001,
      0.07561596120549041,
      0.464739787458183,
      0.6656356751265592,
      0.7591189001102274,
      0.15316965934009044,
      0.8291286187888587,
      0.4769864827513082,
      0.6501898153142027,
      1.0
    ],
    [
      -0.018853211960916546,
      -0.08947557639384106,
      0.3291862890231429,
      0.07569254581975368,
      0.4648196674742187,
      0.6657679178804049,
      0.7590790322983118,
      0.1531746852506959,
      0.8291429840141086,
      0.47711981548551485,
      0.6501307293894015,
      1.0
    ]
  ],
  "timestamp": 1746941526.1060627,
  "model_state": {
    "lengthscale": [
      [
        0.34001269499053177,
        0.3407105253471598,
        0.33959299025838335,
        0.3386420271280428,
        0.33343622507514004,
        0.33728743191154326,
        0.34262604169070293,
        0.3431136330282978,
        0.3322286801232249,
        0.3502500242193327,
        0.3268837885246594,
        0.34512680616940494
      ]
    ],
    "noise": [
      0.8382563481724301
    ],
    "outputscale": 0.15111554862320606
  }
}