{
  "总迭代次数": 12,
  "最终最佳得分": 0.0,
  "最佳得分提升": -0.03742160223168953,
  "平均得分提升": 0.3719079018844904,
  "总计算时间(秒)": 1641.4983313083649,
  "平均每轮时间(秒)": 136.7915276090304,
  "收敛速度": 0
}