{
  "iteration": 5,
  "candidate_points": [
    [
      0.06101504181881077,
      -0.11284862000287553,
      0.10349717584306935,
      0.1200174884676936,
      0.24852449463572857,
      0.6406668229826827,
      0.8396551020355913,
      0.14012012393352385,
      0.7539423817138254,
      0.4586757445781353,
      0.48669362061159405,
      0.6781204687723554
    ],
    [
      0.06472502827517332,
      -0.11067975786682914,
      0.10743686638385559,
      0.12708019152129518,
      0.23781439347731378,
      0.6336995683935915,
      0.8314788565460001,
      0.13651815388635608,
      0.7519433519322445,
      0.4648412271497009,
      0.4848766229431218,
      0.6826238280552904
    ],
    [
      0.06468260827621912,
      -0.11043899374925845,
      0.10737440746786292,
      0.12707206255320036,
      0.2377211904775663,
      0.6336966782865409,
      0.8314689084249905,
      0.13656779169162786,
      0.75193620368663,
      0.46474730651810353,
      0.48493890584224286,
      0.6825544108621026
    ],
    [
      0.06473319426611056,
      -0.11068342612630384,
      0.10742584252463037,
      0.12712303303083292,
      0.23775577041536644,
      0.6337827172365376,
      0.8314525105102729,
      0.13649552005531645,
      0.7519959965272215,
      0.4647992774986318,
      0.48486923616961985,
      0.6826715231482781
    ],
    [
      0.06477528695029179,
      -0.11059910785016774,
      0.10745965920982514,
      0.1271330229004516,
      0.2377745877699043,
      0.6337856862160333,
      0.8314822899059521,
      0.13649456978784238,
      0.7518957960381827,
      0.4648215550907096,
      0.48486750436931275,
      0.6826479160619516
    ],
    [
      0.06485012173633632,
      -0.11072366680185428,
      0.10750481501938075,
      0.12686411349163534,
      0.23776794642412988,
      0.6337386967471738,
      0.8315097057009814,
      0.13655263074263,
      0.7516311675261726,
      0.46479212535702785,
      0.48493452058758574,
      0.682619262564069
    ],
    [
      0.06472203444656577,
      -0.11062669051486916,
      0.10746588741795085,
      0.12715846930842684,
      0.23771488613601938,
      0.6337695893283362,
      0.8314411262778955,
      0.1365113225910565,
      0.7518809668401337,
      0.4648123761717221,
      0.4849125585765989,
      0.6826100708570827
    ],
    [
      0.06473314278293404,
      -0.11063020345218993,
      0.1075275091060383,
      0.12712860152000455,
      0.23779457983742786,
      0.6337267564830363,
      0.831457739024762,
      0.13653700810629799,
      0.7518947311381363,
      0.46473236938789003,
      0.48498698309627897,
      0.68265758914687
    ],
    [
      0.06478279522985343,
      -0.11063615781137469,
      0.107422341175267,
      0.1271521447660281,
      0.23769724178048746,
      0.6337234759316631,
      0.8313938590823559,
      0.13650674398525187,
      0.751899413557531,
      0.46480370430754314,
      0.4849157955063687,
      0.6826659594782369
    ],
    [
      0.0648769601837383,
      -0.11089775400275603,
      0.10763117553513865,
      0.1274186076744745,
      0.23748053936285266,
      0.6338950372163383,
      0.8312671129068588,
      0.1364625979161583,
      0.7519071350180854,
      0.46473775144714263,
      0.48493377057008136,
      0.682640350875612
    ],
    [
      0.06476922975770437,
      -0.11066906980204105,
      0.10748023214637992,
      0.12704480072459065,
      0.2377065990142384,
      0.6336517425348601,
      0.8314042024010713,
      0.1365184586259886,
      0.7519731473184518,
      0.46470897819918416,
      0.4848633679341477,
      0.6826309362352081
    ],
    [
      0.4592260663518129,
      0.032555496891725974,
      0.005377163190512011,
      0.5620338285035757,
      0.8068371774944545,
      0.47126333505173684,
      0.8724737712707498,
      1.0,
      0.32276741257299435,
      0.10744624380109283,
      -0.07291488272016979,
      0.759682182189514
    ]
  ],
  "timestamp": 1746941152.2600365,
  "model_state": {
    "lengthscale": [
      [
        0.3359139013283794,
        0.34395750469559,
        0.34500960478731457,
        0.3376004695113693,
        0.33097360122566305,
        0.3381904148018022,
        0.34159516501503984,
        0.32640522590612925,
        0.3285411558518731,
        0.3482775165298192,
        0.3228897757084134,
        0.3506214334859243
      ]
    ],
    "noise": [
      0.7492699179035951
    ],
    "outputscale": 0.2345901800889515
  }
}