{
  "iteration": [
    1,
    2,
    3,
    4,
    5,
    6,
    7,
    8,
    9,
    10,
    11,
    12
  ],
  "best_score": [
    0.03742160223168953,
    0.04348991474208016,
    0.0007897142106442891,
    0.0,
    0.01777170696106201,
    0.0,
    0.08138274895404318,
    0.0,
    0.29730422724349653,
    0.0,
    0.009834032940076683,
    0.0
  ],
  "avg_score": [
    -0.9615597421991199,
    -0.4722146044339562,
    -0.3706798139556673,
    -0.6519677704377006,
    -0.7246629249740305,
    -0.5598973356636929,
    -0.6640257088109743,
    -0.39958409284561686,
    -0.35150281265598476,
    -0.5928581282963377,
    -0.3951119691476252,
    -0.5896518403146295
  ],
  "computation_time": [
    108.67084813117981,
    167.81477570533752,
    112.10701036453247,
    127.2311544418335,
    115.68975758552551,
    105.69847011566162,
    130.44210481643677,
    102.44512057304382,
    214.82447624206543,
    121.4017014503479,
    164.23038911819458,
    170.94252276420593
  ]
}