{
  "iteration": 12,
  "candidate_points": [
    [
      -0.11213780976522604,
      -0.3882518517710978,
      0.22065197403644,
      0.06785948890228237,
      0.2598075235745569,
      0.5554687266953326,
      0.5506477821506858,
      0.34129976429678105,
      0.7347932027620487,
      0.38452508792842977,
      0.450251238881566,
      1.0
    ],
    [
      -0.11225608932237109,
      -0.388138414072601,
      0.22067351083426873,
      0.068527309676592,
      0.2600398998269295,
      0.5548245494275253,
      0.5504344992933783,
      0.3411517470674102,
      0.7343329091971141,
      0.384963693589962,
      0.4500525413268326,
      1.0
    ],
    [
      -0.11191199424987698,
      -0.3880289193350701,
      0.22046585178381042,
      0.06772815088508566,
      0.25961342236358553,
      0.5559682723144039,
      0.5502610040524845,
      0.34121736379084333,
      0.7350278210824094,
      0.3840972095983644,
      0.4502600581474857,
      1.0
    ],
    [
      -0.11221737974391437,
      -0.38831185988566114,
      0.2206834306068973,
      0.06785126225863415,
      0.25985830240650737,
      0.5554119001231204,
      0.5507405239625165,
      0.34131145632877685,
      0.7347214385079143,
      0.3845704884295311,
      0.4502378989104322,
      1.0
    ],
    [
      -0.11208646627188228,
      -0.38834085277216834,
      0.22063023939137885,
      0.06778038435433961,
      0.25971445217982125,
      0.555521572260106,
      0.5507730503324377,
      0.34138554012427164,
      0.7349034627287706,
      0.3845692508544528,
      0.4503150184989528,
      1.0
    ],
    [
      -0.11211492089832256,
      -0.3880768756409229,
      0.22049785549550172,
      0.0680331509200946,
      0.2598709446784752,
      0.5554123102725518,
      0.5503254272364051,
      0.3411117399528922,
      0.7347803735589178,
      0.3846203757967628,
      0.4501358371420084,
      1.0
    ],
    [
      -0.11207335403086893,
      -0.38816432849576527,
      0.22052114232227563,
      0.067953216754196,
      0.2597115131375015,
      0.555427318213915,
      0.5504530133620457,
      0.3411935035307584,
      0.7348591411632609,
      0.38463166698390516,
      0.45024257170826393,
      1.0
    ],
    [
      -0.12398837331506496,
      -0.3843283693629722,
      0.229043007873741,
      0.07965647945270353,
      0.2837271168594223,
      0.5518440770238702,
      0.5391921228713059,
      0.32413200600806835,
      0.7125610171068517,
      0.3737436702136048,
      0.43478841977618593,
      0.9887337475206271
    ],
    [
      -0.11216469072207746,
      -0.3882057826130491,
      0.22052254530920673,
      0.06791822106983648,
      0.2598279382197351,
      0.555469928038954,
      0.550520758627301,
      0.3412431181913461,
      0.7347923263299817,
      0.38463228597043675,
      0.4501973106838751,
      1.0
    ],
    [
      -0.15365841285860282,
      -0.33908820281834484,
      0.21060406919021196,
      0.16963924827719576,
      0.3173093798697228,
      0.47699835898847776,
      0.5184524370513677,
      0.275869949418575,
      0.6775889497522228,
      0.43890273140016844,
      0.4222824538944012,
      0.9791474009185398
    ],
    [
      -0.11208552770081354,
      -0.3882641816745649,
      0.22059205841453067,
      0.06781704750083975,
      0.2596170404526463,
      0.5554704985824578,
      0.5506639163700653,
      0.34125286530639154,
      0.7349178206535497,
      0.38458289324926825,
      0.4503423816369817,
      1.0
    ],
    [
      -0.11208170389226575,
      -0.38818809410217603,
      0.22060003895983799,
      0.06795858971409978,
      0.25977338835770225,
      0.5554100880335828,
      0.5504787172096985,
      0.3411786299840175,
      0.7348083853920884,
      0.38457157002057385,
      0.4502245573015143,
      1.0
    ]
  ],
  "timestamp": 1746943647.6088724,
  "model_state": {
    "lengthscale": [
      [
        0.39126234828852774,
        0.3664225155868778,
        0.3589976810728799,
        0.36572573718455653,
        0.3501726393605675,
        0.3686579017776665,
        0.35286250057724383,
        0.344453477951801,
        0.3788451962995879,
        0.3693551990026967,
        0.37852839206674915,
        0.34380293293675
      ]
    ],
    "noise": [
      0.9082055818363063
    ],
    "outputscale": 0.09066353977914063
  }
}