{
  "iteration": 4,
  "candidate_points": [
    [
      0.08335512319254108,
      -0.05115654295655342,
      0.3032250098896987,
      0.1591051106164625,
      0.38558783056149515,
      0.633832685523654,
      0.6939917130729008,
      0.3672758384586674,
      0.7890237940114972,
      0.4892045340364079,
      0.5586728877820003,
      0.7617795283112431
    ],
    [
      0.083350119145245,
      -0.05113976717245494,
      0.3032229094707023,
      0.1590856030682277,
      0.38561499707135777,
      0.6338553862106701,
      0.6939768737520984,
      0.36727744105098387,
      0.7890273189745908,
      0.48920253079565057,
      0.55866052130664,
      0.7617931979331085
    ],
    [
      0.08335459558355196,
      -0.051151979519336865,
      0.3032196000356593,
      0.15908962431541748,
      0.385603786051989,
      0.6338264454401414,
      0.6939798492833639,
      0.36727961007227966,
      0.7890366261580946,
      0.48920489580741006,
      0.5586748617005673,
      0.7617981143355509
    ],
    [
      0.08333863082184882,
      -0.05113259622914103,
      0.30319794807378486,
      0.15901224094809502,
      0.3856023688936944,
      0.6337976247780381,
      0.6939211268524094,
      0.36736671413783434,
      0.7890405396439337,
      0.4892208152092038,
      0.55862918995128,
      0.7617979457331179
    ],
    [
      0.29126687381838473,
      0.004093008456471354,
      0.1068022768755059,
      0.3944827439523449,
      0.6752260117389443,
      0.5429038190123562,
      0.8874654957585176,
      0.8486367689250229,
      0.509112060842588,
      0.1956792265099739,
      0.1730027403917441,
      0.8232581048556961
    ],
    [
      0.08332465651072614,
      -0.05115760538330911,
      0.3031995587979462,
      0.15909066954716972,
      0.38558785765116027,
      0.6338313508868748,
      0.6940002304544796,
      0.3672458026552023,
      0.7890263894100189,
      0.48918919479876316,
      0.5586728758581417,
      0.7618163650035986
    ],
    [
      0.08333651738657183,
      -0.05115729368836028,
      0.3032103471859666,
      0.15909081533142916,
      0.3855897745374099,
      0.6338301576821173,
      0.6939885495478133,
      0.3672613331083693,
      0.7890318776679235,
      0.48919768159655236,
      0.5586709010197496,
      0.7618033554955087
    ],
    [
      0.08334217955113132,
      -0.05116053868406134,
      0.30323383530441117,
      0.15911450578454425,
      0.38562111989054376,
      0.6338357388872972,
      0.6939553364372995,
      0.36732759645912044,
      0.789028056694298,
      0.48920241185376495,
      0.558669758426447,
      0.7617859683565226
    ],
    [
      0.08334872960258619,
      -0.05115621140064305,
      0.30320842345079735,
      0.15909586530059577,
      0.3855942860100623,
      0.63383940528534,
      0.6939589740044577,
      0.367277986135354,
      0.7890461729932144,
      0.4891869690540057,
      0.5586753729452186,
      0.761793883094856
    ],
    [
      0.08334119070131354,
      -0.051162152709811524,
      0.3031968102534142,
      0.15909070116637633,
      0.3855877793090762,
      0.6338378704929108,
      0.6939819706571007,
      0.36726549291602595,
      0.7890488482196195,
      0.4891899010387387,
      0.5586766882002128,
      0.7617949257971395
    ],
    [
      0.08333542616451149,
      -0.05116257091733635,
      0.30322085538326515,
      0.15909597731980346,
      0.38560869168059453,
      0.6338250818377371,
      0.6939688203317699,
      0.3672813199797125,
      0.7890489493429025,
      0.48921411901637846,
      0.5586797103793392,
      0.7618002554854629
    ],
    [
      0.08334440819030882,
      -0.05115342784053972,
      0.30321232684057053,
      0.1590956965186061,
      0.3855917799239308,
      0.6338293058794561,
      0.6939836021855871,
      0.3672750218816415,
      0.7890302395113882,
      0.4891996490957127,
      0.5586719965446928,
      0.7617941355608673
    ]
  ],
  "timestamp": 1746940752.6081846,
  "model_state": {
    "lengthscale": [
      [
        0.34210231715896033,
        0.3416372786328933,
        0.347181802881799,
        0.3496531755271319,
        0.340594656977957,
        0.33832502675733306,
        0.33476850955209664,
        0.3594559129410557,
        0.34073902412518814,
        0.3422703697949957,
        0.3498106465127131,
        0.3474249447999427
      ]
    ],
    "noise": [
      0.6022131013549527
    ],
    "outputscale": 0.37330961605791946
  }
}