{
  "iteration": 2,
  "candidate_points": [
    [
      0.030932157013242294,
      -0.06581532661890101,
      0.24556140884942762,
      0.1127905416348825,
      0.31842406699737863,
      0.635890972373455,
      0.7747578286680966,
      0.16822815002898023,
      0.7742853055898357,
      0.4684953472457401,
      0.5837113338305722,
      0.8098369425583111
    ],
    [
      0.12331112541647027,
      -0.36741117613167146,
      0.3734475919510537,
      0.4740668696768556,
      0.538905167184901,
      0.7278099975797842,
      0.733445119569308,
      0.9522738642446269,
      0.009092761411410619,
      0.09132220577205634,
      0.810385633761546,
      -0.32113199687236893
    ],
    [
      0.7052844003383003,
      0.4801939498681309,
      0.6216891846800962,
      0.3663058178996741,
      0.663791743879436,
      0.5525399451254994,
      0.17493696625154176,
      0.5132707291821428,
      0.984378017814465,
      0.3625983691136151,
      0.5636720082779526,
      0.09435099935556368
    ],
    [
      0.028972991972573497,
      -0.06572826676327626,
      0.24429449666520767,
      0.11239114482138496,
      0.31766413456310616,
      0.6348552666930422,
      0.7750834985880856,
      0.16619210190860417,
      0.7729383777659875,
      0.4681623178353244,
      0.58370286524116,
      0.8099304271796189
    ],
    [
      0.03099403992434385,
      -0.06695138348735598,
      0.2441532083584748,
      0.11287305648440318,
      0.3193824427450685,
      0.6362656438454111,
      0.7739562818220043,
      0.17119217692241137,
      0.7744483725473592,
      0.4690417354856734,
      0.5806372717498081,
      0.8081757523474284
    ],
    [
      0.41795998331039613,
      -0.19641831263637402,
      -0.2317075653854816,
      0.691186110503873,
      0.1708679966665269,
      0.08221793968771571,
      0.3033074302892513,
      0.912407118847304,
      0.15127771454780342,
      0.4405650682262937,
      -0.035975842741830646,
      0.5107724503936417
    ],
    [
      -0.017683549855671294,
      -0.025243406335758212,
      0.30505477941005904,
      0.16451386664941622,
      0.2664259808697156,
      0.5690820001749468,
      0.7513287140550428,
      0.23755258362864376,
      0.7238717826898657,
      0.38774898112273315,
      0.6351555555512939,
      0.8851790790798474
    ],
    [
      0.36213686278471685,
      0.0013497502264944923,
      0.06141328298349063,
      0.45623664677980014,
      0.7172664424378922,
      0.5259848608491463,
      0.8679435995884563,
      0.9692341009376533,
      0.44949030230977893,
      0.16461598220229573,
      0.08076929750902347,
      0.7842653744550252
    ],
    [
      0.030873442345374195,
      -0.06678556040767089,
      0.2460605599732418,
      0.11304629029015754,
      0.3180496694334233,
      0.6366738472736925,
      0.7756354618876284,
      0.1669182290125273,
      0.7755964862504703,
      0.46815687076145923,
      0.5839259211347596,
      0.809728566011935
    ],
    [
      0.4200350461418027,
      -0.19554148588194162,
      -0.22726615895790658,
      0.6921493917036846,
      0.17021956154463175,
      0.07835078323864651,
      0.3037487165409781,
      0.904781917147323,
      0.14685674689445535,
      0.44140809971067557,
      -0.0288391228388677,
      0.5142689524208115
    ],
    [
      0.3603467853284587,
      -0.009543979055360472,
      0.0529273423519571,
      0.46358152914277007,
      0.721205141131152,
      0.5219510879612841,
      0.8706177962288492,
      0.9643126981355722,
      0.4389044798102952,
      0.16510672858918993,
      0.07281426021061016,
      0.7898799964965463
    ],
    [
      0.12169785471472283,
      -0.3711215988964508,
      0.3798037946278442,
      0.45514798819920843,
      0.5388924281984828,
      0.7267691704676318,
      0.726721441336491,
      0.9545462076358305,
      -0.0030569260816074896,
      0.09026831200236149,
      0.8276140142199735,
      -0.3218597192505454
    ]
  ],
  "timestamp": 1746939994.5315835,
  "model_state": {
    "lengthscale": [
      [
        0.3333093114655809,
        0.3332993786789892,
        0.3333393658674649,
        0.3333325715106521,
        0.3333348342570697,
        0.3332997728001735,
        0.33334560194151086,
        0.3333530913213265,
        0.33333381813954366,
        0.33333491653357755,
        0.3333152688826761,
        0.3333316258649595
      ]
    ],
    "noise": [
      0.9749836085810947
    ],
    "outputscale": 2.5510299186826594e-05
  }
}