{
  "iteration": 8,
  "candidate_points": [
    [
      -0.26782602047428716,
      -0.12529113593705518,
      0.3164398877161026,
      0.2219241464361627,
      0.23754449062515834,
      0.7381504253772198,
      0.6850065618645996,
      0.30883310971015143,
      0.7860627143721624,
      0.4717350430447765,
      0.5469956026810693,
      0.855057101924131
    ],
    [
      -0.26788907562653713,
      -0.12505849817044454,
      0.31648619656190335,
      0.22185212073578978,
      0.23760072454013106,
      0.7381917673032027,
      0.685013178217885,
      0.3087987779089424,
      0.7860682040053206,
      0.47163242545053535,
      0.5468256447245703,
      0.8550304785826163
    ],
    [
      -0.2678001044178877,
      -0.12551862978486794,
      0.31631002647142525,
      0.22192698097870808,
      0.2374679045813039,
      0.7381575084355206,
      0.6848773360962758,
      0.3089264440923179,
      0.7860772629518185,
      0.4718052427928666,
      0.5470522483803922,
      0.8551848774049526
    ],
    [
      -0.26782211203970063,
      -0.12530309019708194,
      0.31637127504566254,
      0.22196496360974777,
      0.23750908163293855,
      0.7382276225210046,
      0.6850623295916568,
      0.3088969377252993,
      0.7861211530483792,
      0.471726851740791,
      0.5471704490291448,
      0.8550230455815068
    ],
    [
      -0.26782111884575793,
      -0.1253367984840723,
      0.31641025905327425,
      0.22189336220268235,
      0.23753714943774534,
      0.7381362925662972,
      0.6848857367212646,
      0.3088159992616016,
      0.7860084374357522,
      0.4717282080693145,
      0.5469560402465855,
      0.8551002067458637
    ],
    [
      -0.2677661189134564,
      -0.12540760137731582,
      0.3163477252312383,
      0.22192459102153914,
      0.23748457449592617,
      0.7381373704735804,
      0.6849039613848495,
      0.3088643126489612,
      0.7860477716121038,
      0.4717693875514562,
      0.5470620871162755,
      0.8551334489715657
    ],
    [
      -0.26776881527692353,
      -0.12534545062674143,
      0.3163329164820099,
      0.221956590607571,
      0.23749884444339062,
      0.7382073534288113,
      0.684886180457383,
      0.3088553418943586,
      0.7860583950304729,
      0.4717243535718292,
      0.547065330094991,
      0.8551304294878028
    ],
    [
      -0.2677829969105364,
      -0.12539619108025762,
      0.3163691802971368,
      0.22192084377675078,
      0.23750904317646906,
      0.7381563739914303,
      0.6849007816763732,
      0.30885547424554577,
      0.7860298882910377,
      0.4717405887612211,
      0.5470462233762627,
      0.8551124596874787
    ],
    [
      -0.2678440157118165,
      -0.12548998496595556,
      0.3163831127473215,
      0.22185547909502099,
      0.23755950481194105,
      0.7380863162047113,
      0.684839678805636,
      0.3088341879576063,
      0.7859643313947704,
      0.47175160614363715,
      0.5471307163298808,
      0.8550626606076513
    ],
    [
      -0.26777851094705063,
      -0.12535371203661272,
      0.31636734764275687,
      0.2219101258782995,
      0.23749309434149754,
      0.7381617969827333,
      0.6849229731795623,
      0.3088613143632345,
      0.7860382869651058,
      0.47175655183312065,
      0.5470472000697391,
      0.8551190554336668
    ],
    [
      -0.2677342319694204,
      -0.12539722531915576,
      0.31636861378422915,
      0.22189424390020837,
      0.23745145193803063,
      0.7381735375062248,
      0.6850209394931766,
      0.3089027359352076,
      0.7860471199913391,
      0.4718034358606068,
      0.5471187107622737,
      0.8550934214054453
    ],
    [
      -0.2677567123852157,
      -0.12535709210967216,
      0.31640810541429676,
      0.22194108779621374,
      0.23747898316755192,
      0.7381829498498064,
      0.6848921897873824,
      0.3088085825399105,
      0.7860414258925689,
      0.4717204722167818,
      0.5470515294818327,
      0.8550929084320157
    ]
  ],
  "timestamp": 1746942211.3151257,
  "model_state": {
    "lengthscale": [
      [
        0.34329638053746797,
        0.3406446605435647,
        0.343936848062659,
        0.34186916152752844,
        0.3468333105905825,
        0.3389814645300166,
        0.34307141566072347,
        0.35215285871063834,
        0.33888929258750333,
        0.35161843819658645,
        0.33725306484140344,
        0.3571724836949218
      ]
    ],
    "noise": [
      0.9006653388093016
    ],
    "outputscale": 0.09393533571311727
  }
}