{
  "iteration": 3,
  "candidate_points": [
    [
      -0.03778266263204265,
      -0.5223846915703162,
      0.22531060376183834,
      0.5948784217376077,
      0.5654748760279654,
      0.6294633543869602,
      0.723717205539571,
      0.9512011793943423,
      -0.07133741901469508,
      -0.13294670277585968,
      0.8639194961429101,
      -0.4680119622565701
    ],
    [
      -0.04476319456120907,
      -0.11033745136236835,
      0.20402858078921074,
      0.19336288585614947,
      0.3276160253485006,
      0.6269425071200739,
      0.8265434760405678,
      0.26713122864848776,
      0.7127504830802417,
      0.3558195281598871,
      0.530893600811831,
      0.9126772223333134
    ],
    [
      -0.04460766446502783,
      -0.110309904327021,
      0.20417192750332291,
      0.193482037198803,
      0.3278790166348387,
      0.6270915449368016,
      0.8262558931205211,
      0.26784627521248344,
      0.7128450618022181,
      0.3559707139539967,
      0.5306116339602603,
      0.9124154149932159
    ],
    [
      -0.04476689825026603,
      -0.11040683441077241,
      0.20409954895107418,
      0.19341979658007916,
      0.32780803560381966,
      0.6270434254569465,
      0.82639183657534,
      0.2674955607722183,
      0.7128632480812875,
      0.35590201676438227,
      0.5308949057673821,
      0.912606059663198
    ],
    [
      -0.04471177021946305,
      -0.11034305292807826,
      0.20411594453695048,
      0.19344960540178205,
      0.32776525793722955,
      0.6270167276259891,
      0.8263562362846306,
      0.2675644506506726,
      0.7128542790607986,
      0.35594826453477824,
      0.5307191021626735,
      0.912593204066959
    ],
    [
      -0.04468613442481426,
      -0.1103720186977805,
      0.20413863310676103,
      0.1934689657005161,
      0.32782875973546405,
      0.6270308820918226,
      0.8263141102125319,
      0.26767303005337495,
      0.7128814288168418,
      0.3559760697929618,
      0.5307206707448686,
      0.9125405807424204
    ],
    [
      -0.0895830075193006,
      -0.0824952601011211,
      0.2298406394435242,
      0.14399836132523172,
      0.25361482266074875,
      0.6151495492887126,
      0.8336151125040867,
      0.11415628814410697,
      0.7179880355752871,
      0.37025306159517696,
      0.6056563420489559,
      0.9393375973624436
    ],
    [
      -0.04463666924948102,
      -0.11037346253098114,
      0.2040966655188241,
      0.19353567010612588,
      0.3278774707178232,
      0.6270450611152547,
      0.8261672725617676,
      0.26802067763376347,
      0.7128247677468289,
      0.35603130334352473,
      0.5306239259772471,
      0.9123679089960014
    ],
    [
      -0.044707449441937525,
      -0.11036058653007452,
      0.20406322197261934,
      0.19334030689601367,
      0.32771703047175327,
      0.6269346266001776,
      0.8265016352845526,
      0.26753980391981536,
      0.7129463518469465,
      0.3558490598282558,
      0.5308097570675971,
      0.912548944656222
    ],
    [
      -0.08966591624704534,
      -0.08247745061650698,
      0.2299097566386569,
      0.14394758835281632,
      0.25359483812647143,
      0.6150771863557566,
      0.8336106566369447,
      0.11406996677106362,
      0.7180650367542897,
      0.370347275691425,
      0.6057591941208862,
      0.9393420969219769
    ],
    [
      -0.04467422157022758,
      -0.11040699805282067,
      0.20420897812260946,
      0.19336562029656146,
      0.3278672115316223,
      0.6270753117537732,
      0.8264047448625039,
      0.2677830899445854,
      0.7129160834759937,
      0.3558974224109216,
      0.530752987526272,
      0.9124481893977042
    ],
    [
      -0.04468566795030867,
      -0.11031880739755161,
      0.20415524243170594,
      0.19347560676190492,
      0.3278505691819971,
      0.6270526983265684,
      0.8263119566214359,
      0.26770928367355856,
      0.712830457333842,
      0.35597123781961904,
      0.5306646515134308,
      0.9125079169714183
    ]
  ],
  "timestamp": 1746940342.8896086,
  "model_state": {
    "lengthscale": [
      [
        0.3414073663069625,
        0.336213871783677,
        0.3388012580657731,
        0.3360995371681336,
        0.33965961307724735,
        0.3376696597504623,
        0.3326822056277346,
        0.3469488511021351,
        0.33709405637198436,
        0.3175463849335929,
        0.3436582847891276,
        0.3417428681001512
      ]
    ],
    "noise": [
      0.5352580945449861
    ],
    "outputscale": 0.4224033466576864
  }
}