{
  "iteration": 11,
  "candidate_points": [
    [
      -0.2024754478529469,
      -0.30277208912732734,
      0.15316346060919592,
      0.26717577366912937,
      0.37839097821632417,
      0.5448003188584666,
      0.6440314032927538,
      0.31841065944301844,
      0.903104943333631,
      0.2786089733278976,
      0.7175058497528304,
      0.8402454406189807
    ],
    [
      -0.2024764150434954,
      -0.3027889965033658,
      0.15324667607638723,
      0.26703697793972614,
      0.37840115353518017,
      0.54499911199123,
      0.644085474118112,
      0.31842537224091305,
      0.903134467783892,
      0.2784375329750621,
      0.7175065912720296,
      0.8401350229809056
    ],
    [
      -0.20244130675716765,
      -0.30276354967589325,
      0.15321651418504353,
      0.26704931462629544,
      0.3784231361087556,
      0.5449991016162178,
      0.6440667181940922,
      0.31842010231417844,
      0.9031796344260261,
      0.27843420287981635,
      0.7175025889589431,
      0.8401582752184245
    ],
    [
      -0.2024445838665592,
      -0.30269035516508597,
      0.15316851560404823,
      0.2671741331120595,
      0.37839072725318484,
      0.544910440110525,
      0.644057288403333,
      0.3183905858514335,
      0.9032154552930584,
      0.27853908022938817,
      0.7175376320174219,
      0.8401971452585014
    ],
    [
      -0.2025217591632851,
      -0.3028042092174056,
      0.15339830425444834,
      0.26706512282457606,
      0.378428356833533,
      0.5448556725924244,
      0.644247631776992,
      0.31834974944668504,
      0.9031690285843846,
      0.2785302305386231,
      0.7175849978155505,
      0.8399960697233865
    ],
    [
      -0.2024243187618277,
      -0.3026791218956208,
      0.1531872459830029,
      0.2671577283426775,
      0.37844743799583,
      0.5450098211250999,
      0.6439227644342161,
      0.31834066733095484,
      0.9031236716552312,
      0.2783654335416349,
      0.717459907100693,
      0.8401824252337854
    ],
    [
      -0.20241823767063935,
      -0.30277583630627436,
      0.1532963192070051,
      0.2670001691308341,
      0.37841886638823397,
      0.544978122568547,
      0.6440295653720652,
      0.31843753551078874,
      0.9031767797769256,
      0.2783910165991795,
      0.7175316018784572,
      0.8401129011993507
    ],
    [
      -0.20242739219540407,
      -0.3027526708816252,
      0.1532404208108078,
      0.26704761311344527,
      0.37836657152546366,
      0.5449843012746316,
      0.6440633716493747,
      0.3184054887584319,
      0.9031969169353653,
      0.27841653972615027,
      0.7175489308310882,
      0.8401445360231935
    ],
    [
      -0.20253992038730256,
      -0.30270420381040325,
      0.153311268941781,
      0.26698698719597963,
      0.37847672618802625,
      0.5450965815126122,
      0.6442685701025169,
      0.31846163698162766,
      0.9032549520819916,
      0.27825992789259424,
      0.7176065067455101,
      0.839992027917612
    ],
    [
      -0.20242031930463492,
      -0.3025706485240102,
      0.15301811555295647,
      0.2671615187981339,
      0.37837556437612935,
      0.5450944885970381,
      0.6440955221175262,
      0.31851004092421936,
      0.9033793400381404,
      0.2784399804096908,
      0.7175682232438586,
      0.8402733544140379
    ],
    [
      -0.2024342989636351,
      -0.30283524985972216,
      0.153278398006605,
      0.26704138068277106,
      0.3784278474108298,
      0.5449638734567731,
      0.6440707667714457,
      0.31846105102375927,
      0.9030730263002185,
      0.2783854046916425,
      0.7174721465140613,
      0.8401646928346245
    ],
    [
      -0.20245754130409935,
      -0.302684253781818,
      0.15319903699034984,
      0.2671002872635855,
      0.37843651622780494,
      0.5450103293662107,
      0.6439638683172599,
      0.3183079040714772,
      0.9031814094308874,
      0.2783414777182489,
      0.7175102805946504,
      0.8400972474434005
    ]
  ],
  "timestamp": 1746943277.8475783,
  "model_state": {
    "lengthscale": [
      [
        0.3936559544854522,
        0.3465187586100439,
        0.34667483051834624,
        0.36498485018932164,
        0.3485202162856909,
        0.36733230530372807,
        0.3468041332414164,
        0.34534752358847215,
        0.3793231049108243,
        0.3623434086320871,
        0.3527270583616759,
        0.3458481833977387
      ]
    ],
    "noise": [
      0.9039929890736743
    ],
    "outputscale": 0.09379695633991943
  }
}