{
  "x_values": [
    0.35333916544914246,
    -0.040222433131345714,
    0.028972991972573497,
    0.09366435194895978,
    -0.17294433061541417
  ],
  "y_values": [
    0.4683265686035156,
    0.11993224098930824,
    0.11239114482138496,
    0.13960354508596504,
    0.18936929654628154
  ],
  "scores": [
    0.0,
    0.03742160223168953,
    0.04348991474208016,
    0.08138274895404318,
    0.29730422724349653
  ],
  "dim1": 0,
  "dim2": 3
}