{
  "x_values": [
    0.06315036863088608,
    -0.1044955184119629,
    -0.06572826676327626,
    0.06888186632486966,
    -0.13853297368302167
  ],
  "y_values": [
    0.08943915367126465,
    0.21132619229923458,
    0.24429449666520767,
    0.35901181788270087,
    0.3180969667542666
  ],
  "scores": [
    0.0,
    0.03742160223168953,
    0.04348991474208016,
    0.08138274895404318,
    0.29730422724349653
  ],
  "dim1": 1,
  "dim2": 2
}