{
  "x_values": [
    0.35333916544914246,
    -0.040222433131345714,
    0.028972991972573497,
    0.09366435194895978,
    -0.17294433061541417
  ],
  "y_values": [
    0.06315036863088608,
    -0.1044955184119629,
    -0.06572826676327626,
    0.06888186632486966,
    -0.13853297368302167
  ],
  "scores": [
    0.0,
    0.03742160223168953,
    0.04348991474208016,
    0.08138274895404318,
    0.29730422724349653
  ],
  "dim1": 0,
  "dim2": 1
}