{
  "x_values": [
    0.35333916544914246,
    -0.040222433131345714,
    0.028972991972573497,
    0.09366435194895978,
    -0.17294433061541417
  ],
  "y_values": [
    0.08943915367126465,
    0.21132619229923458,
    0.24429449666520767,
    0.35901181788270087,
    0.3180969667542666
  ],
  "scores": [
    0.0,
    0.03742160223168953,
    0.04348991474208016,
    0.08138274895404318,
    0.29730422724349653
  ],
  "dim1": 0,
  "dim2": 2
}