{
  "intrinsic_dim": [
    12,
    12
  ],
  "batch_size": [
    12,
    12
  ],
  "final_score": [
    null,
    0.0
  ],
  "total_time": [
    7.867813110351562e-06,
    4553.097466468811
  ]
}