{
  "x_values": [
    0.06315036863088608,
    -0.1044955184119629,
    -0.06572826676327626,
    0.06888186632486966,
    -0.13853297368302167
  ],
  "y_values": [
    0.4683265686035156,
    0.11993224098930824,
    0.11239114482138496,
    0.13960354508596504,
    0.18936929654628154
  ],
  "scores": [
    0.0,
    0.03742160223168953,
    0.04348991474208016,
    0.08138274895404318,
    0.29730422724349653
  ],
  "dim1": 1,
  "dim2": 3
}