{
  "x_values": [
    0.08943915367126465,
    0.21132619229923458,
    0.24429449666520767,
    0.35901181788270087,
    0.3180969667542666
  ],
  "y_values": [
    0.4683265686035156,
    0.11993224098930824,
    0.11239114482138496,
    0.13960354508596504,
    0.18936929654628154
  ],
  "scores": [
    0.0,
    0.03742160223168953,
    0.04348991474208016,
    0.08138274895404318,
    0.29730422724349653
  ],
  "dim1": 2,
  "dim2": 3
}