{
  "总迭代次数": 12,
  "最终最佳得分": 3.827300834655762,
  "最佳得分提升": 2.552280139923096,
  "平均得分提升": 0.27220564683278403,
  "总计算时间(秒)": 25.946533203125,
  "平均每轮时间(秒)": 2.1622111002604165,
  "收敛速度": 1
}