{
  "iteration": [
    1,
    2,
    3,
    4,
    5,
    6,
    7,
    8,
    9,
    10,
    11,
    12
  ],
  "best_score": [
    1.275020694732666,
    5.473130989074707,
    5.412644243240356,
    4.769440102577209,
    6.611610853672028,
    5.602648973464966,
    5.295330768823623,
    6.182040402293206,
    5.658084034919739,
    5.79196959733963,
    5.586850953102112,
    3.827300834655762
  ],
  "avg_score": [
    -1.286597243944804,
    0.8809017340342203,
    -0.1616640170415243,
    0.29153341849644976,
    0.21763423780600233,
    0.18804802894592287,
    1.6795302192370096,
    1.6985482312738898,
    -0.7598593562841415,
    0.3391680811842283,
    0.1677234013875326,
    -1.0143915971120199
  ],
  "computation_time": [
    3.7942616939544678,
    2.676769495010376,
    2.8154516220092773,
    1.914846420288086,
    2.3437211513519287,
    1.9130265712738037,
    1.8101325035095215,
    1.8176212310791016,
    1.7138292789459229,
    2.1685843467712402,
    1.722015380859375,
    1.2562735080718994
  ]
}