{
  "x_values": [
    0.6687394380569458,
    0.32633039355278015,
    0.24262024462223053,
    -0.06516321748495102,
    0.7625975012779236
  ],
  "y_values": [
    0.29172831773757935,
    0.9265300035476685,
    0.8203414678573608,
    0.05426669865846634,
    0.5513138771057129
  ],
  "scores": [
    0.0,
    1.275020694732666,
    5.308980464935303,
    5.473130989074707,
    6.611610853672028
  ],
  "dim1": 0,
  "dim2": 1
}