{
  "x_values": [
    0.29172831773757935,
    0.9265300035476685,
    0.8203414678573608,
    0.05426669865846634,
    0.5513138771057129
  ],
  "y_values": [
    0.5216381549835205,
    0.48483553528785706,
    0.17293503880500793,
    0.834316611289978,
    0.42848119139671326
  ],
  "scores": [
    0.0,
    1.275020694732666,
    5.308980464935303,
    5.473130989074707,
    6.611610853672028
  ],
  "dim1": 1,
  "dim2": 2
}