{
  "x_values": [
    0.5216381549835205,
    0.48483553528785706,
    0.17293503880500793,
    0.834316611289978,
    0.42848119139671326
  ],
  "y_values": [
    0.7893443703651428,
    0.0067984857596457005,
    0.927947461605072,
    0.821127712726593,
    0.7639691233634949
  ],
  "scores": [
    0.0,
    1.275020694732666,
    5.308980464935303,
    5.473130989074707,
    6.611610853672028
  ],
  "dim1": 2,
  "dim2": 3
}