{
  "x_values": [
    0.6687394380569458,
    0.32633039355278015,
    0.24262024462223053,
    -0.06516321748495102,
    0.7625975012779236
  ],
  "y_values": [
    0.7893443703651428,
    0.0067984857596457005,
    0.927947461605072,
    0.821127712726593,
    0.7639691233634949
  ],
  "scores": [
    0.0,
    1.275020694732666,
    5.308980464935303,
    5.473130989074707,
    6.611610853672028
  ],
  "dim1": 0,
  "dim2": 3
}