{
  "intrinsic_dim": [
    16,
    16
  ],
  "batch_size": [
    12,
    12
  ],
  "final_score": [
    null,
    -1.0
  ],
  "total_time": [
    4.0531158447265625e-06,
    3563.610553741455
  ]
}