iteration,point_values,score
0,"[0.6687394380569458, 0.29172831773757935, 0.5216381549835205, 0.7893443703651428, 0.352524071931839, 0.8620582818984985, 0.8824386596679688, 0.6343941688537598, 0.23511357605457306, 0.09993421286344528, 0.06361763179302216, 0.31737443804740906, 0.3677023649215698, 0.24840128421783447, 0.6539546847343445, 0.046717569231987]",0.0
1,"[0.8993794322013855, -0.27586138248443604, 0.9910327792167664, 0.9881449341773987, 0.7469367980957031, 0.5912750363349915, -0.04897172003984451, 0.5870627760887146, 0.4807546138763428, 0.8651884198188782, 0.2985503673553467, 0.31539303064346313, 0.3036416471004486, 0.499377965927124, 0.639091432094574, 0.032295484095811844]",2.054635238647461
1,"[0.7573884725570679, 0.4004623293876648, -0.0456044040620327, -0.05155687406659126, 0.9184871315956116, 0.679333508014679, 0.6740648746490479, 0.8446620106697083, 0.43640920519828796, 0.4066075384616852, -0.1292753368616104, 0.383973628282547, -0.19333535432815552, 0.925277054309845, 0.8560997247695923, 0.7959128022193909]",3.5147209644317625
1,"[0.7730976939201355, -0.9904508590698242, 0.10647236555814743, 0.46479976177215576, 0.12331610172986984, 0.641246497631073, 0.7969657778739929, -0.21015846729278564, 0.5507047772407532, 0.1854909360408783, 0.3509675860404968, 0.05039336532354355, 0.6784675121307373, 0.30033689737319946, 0.4963549077510834, 0.2701210081577301]",4.600757312774658
2,"[0.8389484882354736, 0.5146390795707703, 0.59186190366745, 0.8895524740219116, 0.46715518832206726, 0.18450815975666046, 0.4173218905925751, 0.8469120860099792, 0.5926905870437622, 0.6424671411514282, 0.6994454860687256, 0.3295990824699402, 0.8745353817939758, 0.3754907250404358, 0.8104574084281921, 0.5465303063392639]",6.253194212913513
4,"[0.14576222002506256, 0.8345270156860352, 0.20207323133945465, 0.1222846582531929, 0.9922015070915222, 0.37589624524116516, 0.838222861289978, 0.6571239233016968, -0.04172685742378235, 0.17277792096138, -0.1530841886997223, 0.19102174043655396, 0.8082931041717529, -0.2146531492471695, 0.9892657399177551, -0.004899864550679922]",6.393061089515686
8,"[-0.06830208003520966, -0.19874204695224762, 0.21561399102210999, 0.6013708710670471, -0.12886206805706024, 0.9487483501434326, -0.060135114938020706, 0.9994978904724121, 0.20298224687576294, 0.24566525220870972, 0.6169630885124207, 0.5004199147224426, 0.578752875328064, 0.5290814638137817, -0.421285480260849, 0.9824198484420776]",6.810930916666985
