{
  "总迭代次数": 12,
  "最终最佳得分": 2.9773633003234865,
  "最佳得分提升": -1.6233940124511719,
  "平均得分提升": -1.8987825949986776,
  "总计算时间(秒)": 25.01187562942505,
  "平均每轮时间(秒)": 2.084322969118754,
  "收敛速度": 0
}