{
  "iteration": [
    1,
    2,
    3,
    4,
    5,
    6,
    7,
    8,
    9,
    10,
    11,
    12
  ],
  "best_score": [
    4.600757312774658,
    6.253194212913513,
    5.841430521011352,
    6.393061089515686,
    5.59428032040596,
    5.307447856664657,
    5.427819234132767,
    6.810930916666985,
    5.297186583280563,
    6.4740687847137455,
    5.15332282781601,
    2.9773633003234865
  ],
  "avg_score": [
    0.7695314089457194,
    1.7678130770723026,
    1.1239073321223259,
    1.7218039701382317,
    0.5897371197740237,
    -0.5577126786112786,
    0.14834912642836576,
    0.2704305854936442,
    -0.047496853768825543,
    0.7649486164251963,
    0.9827145839730899,
    -1.1292511860529582
  ],
  "computation_time": [
    3.7346644401550293,
    2.9831933975219727,
    2.5505735874176025,
    1.9798452854156494,
    2.115354061126709,
    1.6897087097167969,
    1.6953701972961426,
    1.7124855518341064,
    1.6859829425811768,
    1.7967393398284912,
    1.7551419734954834,
    1.3128161430358887
  ]
}