{
  "x_values": [
    0.6687394380569458,
    0.8993794322013855,
    0.7573884725570679,
    0.7730976939201355,
    0.8389484882354736,
    0.14576222002506256,
    -0.06830208003520966
  ],
  "y_values": [
    0.29172831773757935,
    -0.27586138248443604,
    0.4004623293876648,
    -0.9904508590698242,
    0.5146390795707703,
    0.8345270156860352,
    -0.19874204695224762
  ],
  "scores": [
    0.0,
    2.054635238647461,
    3.5147209644317625,
    4.600757312774658,
    6.253194212913513,
    6.393061089515686,
    6.810930916666985
  ],
  "dim1": 0,
  "dim2": 1
}