{
  "x_values": [
    0.6687394380569458,
    0.8993794322013855,
    0.7573884725570679,
    0.7730976939201355,
    0.8389484882354736,
    0.14576222002506256,
    -0.06830208003520966
  ],
  "y_values": [
    0.7893443703651428,
    0.9881449341773987,
    -0.05155687406659126,
    0.46479976177215576,
    0.8895524740219116,
    0.1222846582531929,
    0.6013708710670471
  ],
  "scores": [
    0.0,
    2.054635238647461,
    3.5147209644317625,
    4.600757312774658,
    6.253194212913513,
    6.393061089515686,
    6.810930916666985
  ],
  "dim1": 0,
  "dim2": 3
}