{
  "x_values": [
    0.29172831773757935,
    -0.27586138248443604,
    0.4004623293876648,
    -0.9904508590698242,
    0.5146390795707703,
    0.8345270156860352,
    -0.19874204695224762
  ],
  "y_values": [
    0.5216381549835205,
    0.9910327792167664,
    -0.0456044040620327,
    0.10647236555814743,
    0.59186190366745,
    0.20207323133945465,
    0.21561399102210999
  ],
  "scores": [
    0.0,
    2.054635238647461,
    3.5147209644317625,
    4.600757312774658,
    6.253194212913513,
    6.393061089515686,
    6.810930916666985
  ],
  "dim1": 1,
  "dim2": 2
}