{
  "x_values": [
    0.29172831773757935,
    -0.27586138248443604,
    0.4004623293876648,
    -0.9904508590698242,
    0.5146390795707703,
    0.8345270156860352,
    -0.19874204695224762
  ],
  "y_values": [
    0.7893443703651428,
    0.9881449341773987,
    -0.05155687406659126,
    0.46479976177215576,
    0.8895524740219116,
    0.1222846582531929,
    0.6013708710670471
  ],
  "scores": [
    0.0,
    2.054635238647461,
    3.5147209644317625,
    4.600757312774658,
    6.253194212913513,
    6.393061089515686,
    6.810930916666985
  ],
  "dim1": 1,
  "dim2": 3
}