{
  "x_values": [
    0.5216381549835205,
    0.9910327792167664,
    -0.0456044040620327,
    0.10647236555814743,
    0.59186190366745,
    0.20207323133945465,
    0.21561399102210999
  ],
  "y_values": [
    0.7893443703651428,
    0.9881449341773987,
    -0.05155687406659126,
    0.46479976177215576,
    0.8895524740219116,
    0.1222846582531929,
    0.6013708710670471
  ],
  "scores": [
    0.0,
    2.054635238647461,
    3.5147209644317625,
    4.600757312774658,
    6.253194212913513,
    6.393061089515686,
    6.810930916666985
  ],
  "dim1": 2,
  "dim2": 3
}