{
  "x_values": [
    0.6687394380569458,
    0.8993794322013855,
    0.7573884725570679,
    0.7730976939201355,
    0.8389484882354736,
    0.14576222002506256,
    -0.06830208003520966
  ],
  "y_values": [
    0.5216381549835205,
    0.9910327792167664,
    -0.0456044040620327,
    0.10647236555814743,
    0.59186190366745,
    0.20207323133945465,
    0.21561399102210999
  ],
  "scores": [
    0.0,
    2.054635238647461,
    3.5147209644317625,
    4.600757312774658,
    6.253194212913513,
    6.393061089515686,
    6.810930916666985
  ],
  "dim1": 0,
  "dim2": 2
}