{
  "iteration": [
    1,
    2,
    3,
    4,
    5,
    6,
    7,
    8,
    9,
    10,
    11,
    12
  ],
  "best_score": [
    0.0,
    0.0,
    5.007503473758698,
    0.0,
    5.4927649140357975,
    0.0,
    5.639187777042389,
    3.9266104221343996,
    5.582573865354061,
    2.481654644012451,
    5.309850823879242,
    5.503349244594574
  ],
  "avg_score": [
    -1.2916666666666667,
    -1.0833333333333333,
    0.4002643535534541,
    -0.9583333333333334,
    9.536643822993796e-05,
    -1.0833333333333333,
    0.46617292538285265,
    -0.9227824648221334,
    -0.36124499849975106,
    -0.49644595781962075,
    0.8664961765209834,
    0.26667894124984737
  ],
  "computation_time": [
    3.8065900802612305,
    2.9084551334381104,
    2.555974245071411,
    2.0007011890411377,
    2.1359877586364746,
    1.6797492504119873,
    1.7095727920532227,
    1.7073919773101807,
    2.761068820953369,
    2.065056324005127,
    2.0797171592712402,
    1.7074565887451172
  ]
}