{
  "总迭代次数": 12,
  "最终最佳得分": 5.503349244594574,
  "最佳得分提升": 5.503349244594574,
  "平均得分提升": 1.558345607916514,
  "总计算时间(秒)": 27.11772131919861,
  "平均每轮时间(秒)": 2.2598101099332175,
  "收敛速度": 2
}