{
  "x_values": [
    0.5243664383888245,
    0.4256337583065033,
    0.026975346729159355,
    0.5797504782676697,
    -0.4212729334831238,
    -0.6907302737236023,
    0.345057874917984
  ],
  "y_values": [
    0.9788526296615601,
    0.5315278768539429,
    -0.4957975149154663,
    -0.505097508430481,
    0.5808556079864502,
    -0.8246142268180847,
    0.5296242237091064
  ],
  "scores": [
    0.0,
    4.03148136138916,
    4.7641874074935915,
    5.007503473758698,
    5.008379483222962,
    5.4927649140357975,
    5.639187777042389
  ],
  "dim1": 0,
  "dim2": 1
}