{
  "x_values": [
    0.5243664383888245,
    0.4256337583065033,
    0.026975346729159355,
    0.5797504782676697,
    -0.4212729334831238,
    -0.6907302737236023,
    0.345057874917984
  ],
  "y_values": [
    0.39834079146385193,
    -0.052181851118803024,
    0.7665969729423523,
    0.3252922296524048,
    0.7285307049751282,
    0.6099114418029785,
    -0.31624171137809753
  ],
  "scores": [
    0.0,
    4.03148136138916,
    4.7641874074935915,
    5.007503473758698,
    5.008379483222962,
    5.4927649140357975,
    5.639187777042389
  ],
  "dim1": 0,
  "dim2": 2
}