{
  "intrinsic_dim": [
    8,
    8
  ],
  "batch_size": [
    12,
    12
  ],
  "final_score": [
    null,
    0.0
  ],
  "total_time": [
    4.291534423828125e-06,
    3529.8004109859467
  ]
}