{
  "x_values": [
    0.9788526296615601,
    0.5315278768539429,
    -0.4957975149154663,
    -0.505097508430481,
    0.5808556079864502,
    -0.8246142268180847,
    0.5296242237091064
  ],
  "y_values": [
    0.8713663220405579,
    0.41583251953125,
    -0.3202366828918457,
    -0.40275633335113525,
    -0.25730177760124207,
    0.08656538277864456,
    0.4768434166908264
  ],
  "scores": [
    0.0,
    4.03148136138916,
    4.7641874074935915,
    5.007503473758698,
    5.008379483222962,
    5.4927649140357975,
    5.639187777042389
  ],
  "dim1": 1,
  "dim2": 3
}