{
  "x_values": [
    0.39834079146385193,
    -0.052181851118803024,
    0.7665969729423523,
    0.3252922296524048,
    0.7285307049751282,
    0.6099114418029785,
    -0.31624171137809753
  ],
  "y_values": [
    0.8713663220405579,
    0.41583251953125,
    -0.3202366828918457,
    -0.40275633335113525,
    -0.25730177760124207,
    0.08656538277864456,
    0.4768434166908264
  ],
  "scores": [
    0.0,
    4.03148136138916,
    4.7641874074935915,
    5.007503473758698,
    5.008379483222962,
    5.4927649140357975,
    5.639187777042389
  ],
  "dim1": 2,
  "dim2": 3
}