{
  "x_values": [
    0.9788526296615601,
    0.5315278768539429,
    -0.4957975149154663,
    -0.505097508430481,
    0.5808556079864502,
    -0.8246142268180847,
    0.5296242237091064
  ],
  "y_values": [
    0.39834079146385193,
    -0.052181851118803024,
    0.7665969729423523,
    0.3252922296524048,
    0.7285307049751282,
    0.6099114418029785,
    -0.31624171137809753
  ],
  "scores": [
    0.0,
    4.03148136138916,
    4.7641874074935915,
    5.007503473758698,
    5.008379483222962,
    5.4927649140357975,
    5.639187777042389
  ],
  "dim1": 1,
  "dim2": 2
}