{
  "x_values": [
    0.5243664383888245,
    0.4256337583065033,
    0.026975346729159355,
    0.5797504782676697,
    -0.4212729334831238,
    -0.6907302737236023,
    0.345057874917984
  ],
  "y_values": [
    0.8713663220405579,
    0.41583251953125,
    -0.3202366828918457,
    -0.40275633335113525,
    -0.25730177760124207,
    0.08656538277864456,
    0.4768434166908264
  ],
  "scores": [
    0.0,
    4.03148136138916,
    4.7641874074935915,
    5.007503473758698,
    5.008379483222962,
    5.4927649140357975,
    5.639187777042389
  ],
  "dim1": 0,
  "dim2": 3
}