intrinsic_dim,n_init,n_iterations,batch_size,final_score,total_time
16,24,12,12,,4.0531158447265625e-06
16,24,12,12,0.1294544618102845,4479.519112110138
