{
  "iteration": 6,
  "candidate_points": [
    [
      0.7590255249606135,
      -0.495558944712701,
      0.7152380868799916,
      0.8900963944364481,
      0.6026836882134181,
      0.06924609505759403,
      0.29254503851425673,
      -0.4989095019671126,
      0.5188674885979674,
      0.36067049209569313,
      0.8248973579052836,
      -0.013257475494113127,
      0.08259346293286143,
      0.19666302469267305,
      0.07467652104630049,
      0.6764823075943879
    ],
    [
      0.6056113873198927,
      0.01999091268645357,
      0.1202439165931331,
      0.5324740133761623,
      -0.5205036893589383,
      0.27204300811864424,
      0.40034087810816643,
      0.09311517090015173,
      -0.24970595454519148,
      0.8223399943288537,
      -0.773293989050388,
      0.8528440655017839,
      0.6982558045461057,
      0.2367737587605741,
      0.8119754800112404,
      -0.49666004457906676
    ],
    [
      0.1977588416462027,
      -0.16396175109169225,
      0.7052366246376048,
      0.8237383209051024,
      -0.4219101269302275,
      0.34123193078734043,
      0.9505742040263052,
      -0.15845491402476625,
      -0.08724527878376476,
      0.40258888856534447,
      -0.7753543768954284,
      0.9409521696714291,
      0.0304425218133078,
      -0.005321494509514173,
      -0.17332027947135917,
      0.3846182625012724
    ],
    [
      -0.44973025700884334,
      0.1654278421288849,
      -0.8519809356681146,
      0.0412390500413755,
      0.4461134244962297,
      0.7507966067628938,
      0.7639139692995908,
      -0.22863986049759696,
      0.2830117590824253,
      0.51504562662349,
      0.15248237391317537,
      0.6750878779651879,
      0.9226978965435779,
      0.37067546104049975,
      -0.9751555655140756,
      0.42389136989680487
    ],
    [
      0.26290734522813214,
      -0.18148730646833813,
      -0.5813992066305238,
      0.41174591089813567,
      0.7258918362817333,
      0.6084666001557981,
      0.14208212374037005,
      -0.38020082978470465,
      0.754631565869991,
      0.4252392969341856,
      -0.401345329211795,
      -0.4261138302468409,
      0.8606221756330934,
      0.42480577439121026,
      -0.4960256517669111,
      -0.10243757936167919
    ],
    [
      -0.35116730254566336,
      -0.1576153018941208,
      0.006838675803022241,
      0.7009793172413187,
      0.7082572086665571,
      0.09657885870819068,
      -0.39815935255888857,
      -0.4970974871430464,
      0.22437618104519527,
      0.7870643042476594,
      0.4594840633554593,
      0.21871007017629032,
      0.6762902104672662,
      -0.7119595510674022,
      0.6114544020034083,
      0.25040664815024405
    ],
    [
      0.2808196945851858,
      0.12961987026384628,
      0.19222611990686697,
      0.35641813783199094,
      0.11754597198967563,
      0.19294066310025598,
      0.6730551255429993,
      0.9535911828533751,
      0.21651317945835527,
      0.08692229259183487,
      0.7347143307099051,
      -0.5895185063975273,
      0.29459111883093975,
      0.6110078907439339,
      0.31152095239747696,
      -0.2678214661094401
    ],
    [
      0.7223563870228062,
      0.485716121390239,
      0.9431843061943812,
      0.1084825912542391,
      0.4927525463601325,
      0.802047582200419,
      0.5303414600941473,
      0.6625788319585614,
      -0.6282696284838306,
      0.5107859496733664,
      -0.007070106617055861,
      -0.17850129523052402,
      0.42329022344235934,
      0.10208165005769604,
      0.1612967403502004,
      0.636485422132445
    ],
    [
      0.5693933019117017,
      -0.6537499803130011,
      0.5103821754735745,
      0.9555282723670858,
      0.6478786009134903,
      -0.1205885925844901,
      0.49860630023357944,
      0.28189040947620386,
      0.018195394197954018,
      -0.768355647962966,
      0.17970660341409328,
      0.6882128185598126,
      0.5729665834053894,
      0.25564942410090824,
      -0.06433104955301797,
      0.58418665174492
    ],
    [
      0.11481689358323259,
      -0.4149478371424621,
      0.3901405242697581,
      -0.03128928376898388,
      0.4929136856139531,
      0.4919276795549905,
      0.9683717495232842,
      -0.32394406321899366,
      0.2858198291533244,
      0.4318307669461836,
      -0.20841533126589915,
      -0.01688327364625685,
      0.8142407199236729,
      -0.06618727171785845,
      0.4077579649618344,
      0.09456077759268718
    ],
    [
      0.22309383304535013,
      -0.23197449821295607,
      0.6434098388880923,
      0.4712748710544347,
      0.8538777180543659,
      0.37035130484164736,
      0.00040768275913182807,
      -0.1522074658621368,
      -0.08289479432052727,
      -0.31339387764370863,
      -0.09270768522355123,
      0.8944702205057413,
      0.6973179644451237,
      -0.6355300717992789,
      0.440527937716504,
      0.7811152685840315
    ],
    [
      0.5778475478156273,
      0.07602750951714056,
      0.3063806175030553,
      0.863528308527171,
      0.3315188734986692,
      0.9821960759853747,
      0.05569023979807105,
      0.7767924933315442,
      -0.4632865350347985,
      0.44380910390338996,
      0.0051965633776913725,
      0.8664689082659648,
      0.7676322228125305,
      0.7959790132957328,
      0.15716197193668874,
      0.702586980963206
    ]
  ],
  "timestamp": 1746892607.8493714,
  "model_state": {
    "lengthscale": [
      [
        0.33337032856362364,
        0.33340749741840836,
        0.3333558132140546,
        0.3333966441961409,
        0.3333588255470463,
        0.33336422589979137,
        0.3333521685265398,
        0.33339042388739215,
        0.3333197173439127,
        0.33337343495034066,
        0.3332721859812749,
        0.33338296516438803,
        0.33334236132951167,
        0.333366223878797,
        0.3333314163458684,
        0.3333629476936848
      ]
    ],
    "noise": [
      0.9892994610412892
    ],
    "outputscale": 2.496762182265174e-07
  }
}