{
  "iteration": 5,
  "candidate_points": [
    [
      0.6889949316292393,
      0.1474102481146889,
      0.6312020157647317,
      0.5079645037008546,
      0.2741361064076118,
      -0.3952651216729739,
      0.9015315198725056,
      0.793048074015684,
      0.3097330757051948,
      0.2945473183762632,
      0.8794085708068116,
      0.4469659817543117,
      -0.39747254081519,
      0.4955203575057092,
      0.1202402011508691,
      -0.29984781928399873
    ],
    [
      -0.35348822503409466,
      0.060635991629734626,
      0.01976791688133167,
      0.5396906455329158,
      0.8731555484377758,
      0.13343416631766045,
      0.6159174281477745,
      -0.18816870611079367,
      0.790151509140631,
      0.9271306274359755,
      -0.3440608775803065,
      0.9745279844802789,
      0.2796908849484223,
      -0.25530690219468255,
      0.027931662966885238,
      0.592194675785265
    ],
    [
      -0.8563610500123938,
      0.4295973356041145,
      -0.10185847815882317,
      0.5810691850542401,
      0.7991173717019949,
      0.746547886337625,
      0.9776500188822234,
      -0.10965685775170574,
      0.6010431674635305,
      0.8798005253247203,
      0.1619107084558355,
      0.658607484794707,
      0.9219204808088053,
      -0.3273043218091035,
      -0.29302522909236073,
      0.6087655449832902
    ],
    [
      -0.35905423686183796,
      0.5533170491235033,
      0.7623635000910216,
      0.058062081701519025,
      0.748477485972628,
      0.38345826935359123,
      0.5384434974431637,
      0.3108442444273522,
      0.3038591926033239,
      0.7380380041482305,
      0.30914543044518755,
      0.7854912073227936,
      -0.07488371115185788,
      -0.37306465375479025,
      -0.9254773101213002,
      0.6022927806105739
    ],
    [
      0.3973009587059727,
      0.14784897568044061,
      -0.3915690397138524,
      0.9818925490457872,
      0.09739085649886944,
      0.7635356922299644,
      0.3550751301254811,
      -0.40627358272336533,
      0.5591575212854734,
      -0.46508185129563434,
      0.6977804084011878,
      -0.22721875826912233,
      0.3110050088894792,
      -0.22054509622457208,
      0.5370164056948845,
      -0.5326667932519328
    ],
    [
      0.320349027651532,
      -0.7897823691613451,
      0.82938113275986,
      0.9358679970949784,
      0.2055329423500859,
      0.6242105478682559,
      0.14612400941991846,
      0.552692728167194,
      -0.46636530152268574,
      0.4886685807518092,
      -0.6568001550981502,
      0.9596702776250852,
      0.00047759181350745744,
      -0.0003851460693810255,
      0.5728189333922818,
      -0.4748050107117357
    ],
    [
      0.49361717981153225,
      0.145103543973074,
      0.6734488810778054,
      0.44442917733182663,
      -0.4960301213464885,
      0.4020632522250072,
      0.33949625509001996,
      -0.2933278050243657,
      0.4676933068375599,
      -0.42285157585216027,
      0.590578227621516,
      0.03054029528874176,
      0.4858888484930691,
      -0.40497084865066635,
      0.24099700597707005,
      -0.11401235875678681
    ],
    [
      -0.22129585628496531,
      0.7906676715549,
      0.5542309819108203,
      0.19525197669096142,
      0.14670168041504253,
      0.6995334368870247,
      0.8879061909032648,
      0.4759592012087905,
      0.3684254136817157,
      0.8107827026776885,
      0.9382691760873172,
      -0.401469340771795,
      0.7208359872274478,
      0.03711195979157064,
      -0.7963268441114192,
      0.9739840576692717
    ],
    [
      -0.479074987554526,
      -0.3108731914163386,
      0.3858275627822623,
      0.6612691487061707,
      0.8538113996271747,
      0.888050230125912,
      0.01108329562215751,
      0.39825787444271027,
      0.7457602729585298,
      0.9437021726884739,
      0.7733481127667169,
      0.7363581513637434,
      -0.5197705017170942,
      -0.058521654366370066,
      0.31711058972342315,
      -0.37095461071006186
    ],
    [
      0.7519355253805653,
      0.6261075318393488,
      0.09000116683973064,
      0.8234210723695146,
      0.22669804346863026,
      0.24766672098450945,
      0.4207623524871248,
      -0.15993683192537825,
      0.22099279044816197,
      0.5436192612674174,
      -0.49649228133024237,
      -0.14919697600020057,
      0.3659441106003102,
      0.7632811237673531,
      0.4928022389628691,
      0.7124563176147998
    ],
    [
      0.12579658640016952,
      -0.6123774312837753,
      0.6569063637139266,
      0.4985413469094487,
      0.8437586506072098,
      0.7694997674590295,
      0.4004455646160504,
      -0.32196838685944784,
      -0.6156424088399944,
      0.0557172268256915,
      0.5129572929766976,
      0.27283793169150106,
      0.19217944943066373,
      -0.5877842266883849,
      0.9346031266941227,
      0.46667511924038346
    ],
    [
      0.6858856742847727,
      0.9720166581382068,
      0.5126577780588206,
      -0.1233687384742992,
      -0.031394008894956846,
      -0.37488681098423965,
      0.7192009642865452,
      0.3284681741569257,
      0.6877598198757494,
      0.047475345664412825,
      0.43027496681524824,
      -0.16220103270079023,
      0.049808698482094856,
      -0.11200116102751619,
      0.15926336193551857,
      0.7889945743063669
    ]
  ],
  "timestamp": 1746892286.8240812,
  "model_state": {
    "lengthscale": [
      [
        0.33331973150519123,
        0.33330096221720135,
        0.33330981072727534,
        0.3333336262774911,
        0.3333674629021076,
        0.33333094826433746,
        0.3333943136528287,
        0.333342404125744,
        0.33334960814460096,
        0.33332127196019284,
        0.3334242318758631,
        0.33335925021048474,
        0.3333317242284179,
        0.3333484379942324,
        0.33335067763087867,
        0.3333471790541845
      ]
    ],
    "noise": [
      0.9875716856465476
    ],
    "outputscale": 5.255606339170746e-08
  }
}