{
  "iteration": 8,
  "candidate_points": [
    [
      0.5728577212634872,
      -0.5671534390085203,
      0.5173129693601493,
      0.9317425664186886,
      0.6285123187288166,
      -0.005852350963635208,
      0.5058891509700291,
      0.25933212417483786,
      0.1151744595927563,
      -0.5997855058629407,
      0.2087592853983766,
      0.6560973864793633,
      0.5703780206184298,
      0.2844493638996887,
      -0.020432147546415588,
      0.5564345143750474
    ],
    [
      0.6299479602297402,
      0.26310261432995025,
      0.40508318653321945,
      0.8135096793938555,
      0.30544670209577424,
      0.7872177282981055,
      0.7560996513550983,
      0.4719830759103344,
      0.2763880073429756,
      0.11164015489316285,
      0.13247028582752668,
      0.3039249877119406,
      0.3653805878113723,
      0.2949995316058679,
      0.6372361645976191,
      0.16114722618409566
    ],
    [
      0.442168616548967,
      0.0910553654692222,
      0.33606123813428707,
      0.7728792125925813,
      0.675768023821738,
      0.8307552647327061,
      0.19033056116625993,
      0.012768310403877313,
      0.40293459338761956,
      0.31702262767679185,
      0.17613248666620912,
      0.617194498267548,
      0.8857743446192835,
      0.3299929714209684,
      0.11560008954038205,
      0.7396946533480928
    ],
    [
      0.49218512551492816,
      0.13182229973589396,
      0.46099125457861123,
      0.3206430979989184,
      -0.004452641782944426,
      0.9041029936468385,
      0.6905944788197441,
      0.6042097674707805,
      -0.7603018526313734,
      0.899858454713755,
      0.13187703457512184,
      0.728062852616842,
      0.7346309001571393,
      -0.1430831328748359,
      0.6340396587022518,
      -0.159165576616044
    ],
    [
      0.13244048749678589,
      0.03720843237539186,
      0.8750802944210139,
      0.6784465003803299,
      0.5852275923443645,
      0.46246066545064085,
      0.7008069313139059,
      0.1894882408991099,
      0.570270759592216,
      0.7204737870015173,
      0.8230550489797284,
      0.5319623023954715,
      0.11965258027281858,
      0.2728768485122317,
      0.2269569720228518,
      0.41849283766467515
    ],
    [
      0.6650235195736807,
      -0.3857381681011204,
      0.699204782682824,
      0.8485969696711396,
      0.6182601138961785,
      0.16654436543306084,
      0.35288823534708214,
      -0.37413004386521637,
      0.5189864408298709,
      0.3976189296982004,
      0.8058726530747057,
      0.09047557514181438,
      0.1377456503529268,
      0.22633908653564702,
      0.10186625976626963,
      0.6514808325012778
    ],
    [
      0.6300535395976224,
      0.26315604305633994,
      0.40502160716947827,
      0.813485728655547,
      0.3053457540248812,
      0.7873685429926318,
      0.7559935446852628,
      0.4719386107838674,
      0.2764368524379561,
      0.11155192362649213,
      0.13247853411329916,
      0.30382776851855475,
      0.3655228581105343,
      0.2950775658212941,
      0.6372728205033208,
      0.16096838234180874
    ],
    [
      0.4421908702833033,
      0.09106434733755182,
      0.3360568906744863,
      0.7728761443063471,
      0.6757501820105292,
      0.8307212045166338,
      0.19032638250736833,
      0.012817409861256315,
      0.40297169745545086,
      0.3170197843198789,
      0.17607451064402102,
      0.6171805677698949,
      0.8857750729006535,
      0.3300118592449114,
      0.11557558778924822,
      0.73968346303494
    ],
    [
      -0.7375499512257871,
      0.3559749247768924,
      -0.06878379575070256,
      0.5845009401407527,
      0.8085619440128547,
      0.6425049621390547,
      0.9030825513544329,
      -0.1206784618364531,
      0.6338787203842596,
      0.8783094360768565,
      0.08084456665853784,
      0.7104740789453732,
      0.8096973698928637,
      -0.296628440131949,
      -0.21892074186730287,
      0.6093198914594853
    ],
    [
      0.44217809384771123,
      0.09106868331789757,
      0.3360010258450418,
      0.77283182524169,
      0.6757334731477749,
      0.8307491561531012,
      0.1903304568216812,
      0.0127475370951494,
      0.4029883156912954,
      0.317065442356799,
      0.1760853595317808,
      0.6171118341197249,
      0.8858235691049712,
      0.3300278051018211,
      0.11554641513754949,
      0.7397154717820393
    ],
    [
      0.6299617098979254,
      0.26297081249149595,
      0.4050665384351967,
      0.8134590518005708,
      0.30537581311194023,
      0.7873915664517122,
      0.7560714102468716,
      0.4720079134256894,
      0.27644430507756584,
      0.11152959622257227,
      0.13240526348088025,
      0.30399997123726236,
      0.36539712515828465,
      0.2949997062751691,
      0.6372987752181076,
      0.16114806396263223
    ],
    [
      0.5728889977371106,
      -0.5675924664042648,
      0.5170077589126032,
      0.931637410326187,
      0.628578211166397,
      -0.005475998560477994,
      0.5056480247097787,
      0.25923542218365525,
      0.11539910204662733,
      -0.5997890902926819,
      0.20859626924951732,
      0.6564242812453526,
      0.570896811328694,
      0.2841375540521655,
      -0.02051972833737041,
      0.5566533277522385
    ]
  ],
  "timestamp": 1746893303.1609309,
  "model_state": {
    "lengthscale": [
      [
        0.3383115637261586,
        0.3276042087008268,
        0.35121774836943204,
        0.3377817668731764,
        0.33725947131479583,
        0.33366618229836126,
        0.33516555245740715,
        0.32962292974416374,
        0.34228591826620747,
        0.34147647775458045,
        0.3407715038622464,
        0.3294304709522381,
        0.34353731306088087,
        0.337642925077945,
        0.3322036885590015,
        0.3380937651110894
      ]
    ],
    "noise": [
      0.5486886062195919
    ],
    "outputscale": 0.5583334676950094
  }
}