{
  "iteration": 11,
  "candidate_points": [
    [
      0.18380787441035829,
      -0.5490958450251493,
      0.6416077938443475,
      0.517453076796168,
      0.803211180223589,
      0.8081432338315377,
      0.4970447963735189,
      -0.25341033235320476,
      -0.5626269048534768,
      0.14514635821339616,
      0.46770474513353855,
      0.2525435276063469,
      0.19383054645146153,
      -0.4958381449810732,
      0.9311909833377547,
      0.3866061279445663
    ],
    [
      0.2234258966564804,
      -0.10226985821039589,
      0.6952516000217138,
      0.8041272510307718,
      -0.3111313066602504,
      0.40732120228934654,
      0.9306750107945385,
      -0.09495342741291501,
      -0.032661292645308544,
      0.39574202032872435,
      -0.6453766479029444,
      0.887107746916903,
      0.07116617009506188,
      0.00486498704743295,
      -0.12426247698430731,
      0.3752914983188789
    ],
    [
      0.5120686751193898,
      -0.01711230913400662,
      0.13437512776573313,
      0.5795728321669739,
      0.9282164856296677,
      0.7207303945230965,
      0.6653111403451551,
      -0.0326456518866483,
      0.6222412312643034,
      0.4887147821418506,
      0.8742029855981415,
      0.2581883645090416,
      0.729500079972762,
      0.5762583794741605,
      0.17352760034943757,
      0.6245264643794257
    ],
    [
      0.7284500106086523,
      0.4194017053530561,
      0.37230412296685655,
      0.71434833489099,
      0.3574614550039611,
      0.8196732572558837,
      0.7811266100699543,
      0.4912985652805129,
      0.2781154177460947,
      0.17128470623265013,
      0.17831400116515192,
      0.3693954505769043,
      0.45600516279133096,
      0.33148844779616765,
      0.7109813258285047,
      0.25986304733817805
    ],
    [
      0.7284142715608413,
      0.41932570180519557,
      0.3724621004280147,
      0.7143922652361937,
      0.3576447220048886,
      0.819450254804528,
      0.7810378364229904,
      0.4910967259065296,
      0.27815644956201846,
      0.17139494814595516,
      0.17787884355609732,
      0.3694923352935975,
      0.4561573332236217,
      0.33177279237469115,
      0.7111565891077064,
      0.2597349504416736
    ],
    [
      0.7285361448793292,
      0.4193473585786078,
      0.3723523055470639,
      0.7143495029145857,
      0.3573954615917989,
      0.8197100392561963,
      0.7810906988389338,
      0.49124597449681423,
      0.27814865993357385,
      0.17124312223518928,
      0.17826603202708283,
      0.36942272136673027,
      0.45604604400225535,
      0.3314048578877734,
      0.7110080935953187,
      0.25982879625904237
    ],
    [
      0.7284829034334956,
      0.4192822024989027,
      0.37218727551847686,
      0.7142708316241891,
      0.357458297634263,
      0.8198740638619766,
      0.7809553626892031,
      0.49149748824610456,
      0.2780242754310952,
      0.1712698170913464,
      0.17835883199876482,
      0.3695076821857354,
      0.4559361464095061,
      0.3314253653564026,
      0.7109784742384957,
      0.2598544171755479
    ],
    [
      0.7286533123700611,
      0.4193193408210895,
      0.37237660598356487,
      0.7144930471795237,
      0.3575671100706367,
      0.8196856257855274,
      0.7812218314787089,
      0.49124968029045774,
      0.2783465601775359,
      0.1711053100709105,
      0.17850553125164262,
      0.3693715914159572,
      0.45594466849763027,
      0.33147833149898615,
      0.7110749228663349,
      0.2598092936620605
    ],
    [
      0.22286117734627056,
      -0.10114786636955198,
      0.6954874416109607,
      0.8040254590635258,
      -0.31055405007956094,
      0.407221780015291,
      0.9296637401503921,
      -0.09566137671114595,
      -0.03150304378318389,
      0.39678386296381757,
      -0.645681855044804,
      0.8887176128040382,
      0.0702983032469193,
      0.0038797213039073117,
      -0.12407971461825314,
      0.374544331404803
    ],
    [
      0.7284057839032151,
      0.4193948430726542,
      0.37237946288559515,
      0.7142676760016909,
      0.3573958233379949,
      0.8197935386515667,
      0.7811073011311555,
      0.4912980490388177,
      0.278165722558713,
      0.17117250854702826,
      0.17837312145798176,
      0.36945108328816306,
      0.45596140199687096,
      0.3314770446264042,
      0.7110028255163677,
      0.2598239426127245
    ],
    [
      0.728487789355896,
      0.41940997538150626,
      0.37236741567769926,
      0.714324902817385,
      0.35741523901888766,
      0.8196856027178604,
      0.7810903390078072,
      0.49131851587551445,
      0.27818500916121747,
      0.17133578197169685,
      0.1783563898812719,
      0.3693121427432625,
      0.4559306776096578,
      0.3313681438623163,
      0.7109533172684738,
      0.2599116175549841
    ],
    [
      0.5124228802437658,
      -0.017250871309253485,
      0.1342327205651442,
      0.5797755626025037,
      0.9284548504970709,
      0.7207775413825137,
      0.6654995172456692,
      -0.032553839095146905,
      0.6221238409371573,
      0.48863387633396144,
      0.8740250893605397,
      0.25811676168124975,
      0.7289875469894193,
      0.5757814090692261,
      0.17340040871337783,
      0.6244067237722316
    ]
  ],
  "timestamp": 1746894444.6640003,
  "model_state": {
    "lengthscale": [
      [
        0.3394379920518448,
        0.3330006608459378,
        0.3598985568880012,
        0.34240370475765325,
        0.33734092453756603,
        0.331304749133052,
        0.34067229465952775,
        0.337514810157754,
        0.3497084295416669,
        0.3350643866254778,
        0.3385374754314824,
        0.33208020363367385,
        0.356084139334211,
        0.3414519244897788,
        0.3329945451432372,
        0.33630204355055465
      ]
    ],
    "noise": [
      0.6205571489516031
    ],
    "outputscale": 0.4995178222512556
  }
}