{
  "iteration": 7,
  "candidate_points": [
    [
      0.06251025417204382,
      0.014128803188700828,
      0.930417129665765,
      0.7392398345743106,
      0.5529059135331158,
      0.500317484075803,
      0.4440300281107296,
      0.12017676690552141,
      0.49065736828667406,
      0.644596086165609,
      0.5246097842379468,
      0.6967203202505471,
      0.1354125987738197,
      0.24736534974824875,
      0.12423556564315832,
      0.5506923573319321
    ],
    [
      0.4652314511685072,
      0.013605602630234165,
      0.498971773790868,
      0.4198211885336861,
      0.0323521434376275,
      0.8826442800561703,
      0.6234924774482298,
      0.5885351021434089,
      -0.7119924718547225,
      0.8216445818541912,
      0.03970056134675364,
      0.7588010245872548,
      0.6261264651740509,
      -0.12697387990413564,
      0.6312579064404127,
      -0.1796603723882859
    ],
    [
      0.2903644701200892,
      0.06377156344053143,
      0.5575922730686135,
      0.7997354475486306,
      0.6081082655201034,
      0.7439839704139839,
      0.245452199838934,
      0.035360280409786005,
      0.4337567714588812,
      0.4186278838797002,
      0.2380256512878131,
      0.6678154983193515,
      0.6756689778004494,
      0.24971161762162428,
      0.10655914420112116,
      0.6852042621894846
    ],
    [
      0.7288780867293593,
      0.2682877148720828,
      0.7857268006434377,
      0.45933813279112157,
      0.23868322650669566,
      0.3956863780218603,
      0.2139997786714193,
      0.29894288455028883,
      0.31203649792646504,
      0.2512398255746809,
      0.06197500733041529,
      0.22239340101222618,
      0.8899046699155312,
      0.7954852804236135,
      0.7701061891714901,
      0.05699470898544709
    ],
    [
      0.0626126402676849,
      0.01399409226394477,
      0.930271792380554,
      0.7392291633523399,
      0.5528825239371731,
      0.5002717529559888,
      0.44394282283557945,
      0.12007960603437806,
      0.49060686516646945,
      0.6444289894552899,
      0.5246971917423532,
      0.6964813776587607,
      0.13514768389023127,
      0.24752139907295329,
      0.12416224439960633,
      0.550781772892862
    ],
    [
      0.7590364965041584,
      0.42283105886202715,
      0.4865866119080229,
      0.7584415545345942,
      0.2973159986330912,
      0.7326829747715137,
      0.8609706030906209,
      0.6093095959096497,
      0.1577397528847898,
      0.09562544726997227,
      0.062425838573742155,
      0.35419371956779416,
      0.27121900862021775,
      0.2688478603798931,
      0.7550848542976843,
      0.11737414204803358
    ],
    [
      0.06250136351796058,
      0.013846837415743947,
      0.930038985806943,
      0.7394828162602674,
      0.5525999384137812,
      0.4999309997794788,
      0.4440099921463503,
      0.12007716595532544,
      0.4907141673613092,
      0.6448317583588034,
      0.5244351893856577,
      0.6964630839575829,
      0.13468963356537633,
      0.24719115993183305,
      0.12414609720285154,
      0.5508562743489049
    ],
    [
      0.26879258753199864,
      0.06744822759935412,
      0.5567926963441056,
      0.7983122197002017,
      0.6146963869902692,
      0.7333047009704096,
      0.2502545148783634,
      0.03580806577987205,
      0.4484264859601523,
      0.42819739307789545,
      0.24466641394466732,
      0.6732557978778283,
      0.6669928901534604,
      0.24264441264040346,
      0.10304367414636159,
      0.701465537376993
    ],
    [
      0.2688347604722903,
      0.06742052219472475,
      0.5566893821556581,
      0.7982575951623442,
      0.6147297629986447,
      0.7332423736793993,
      0.2502300428729614,
      0.0357091710007008,
      0.44845716987196355,
      0.4283284619092685,
      0.24468394020524487,
      0.673213967922496,
      0.6668939478837317,
      0.24260699300632046,
      0.1030694661516666,
      0.7015828968829361
    ],
    [
      0.3389873786465258,
      -0.6609734954285894,
      0.7769562361068775,
      0.8621923301846938,
      0.22311670647975695,
      0.6689130669342895,
      0.24699785189980147,
      0.5150310263640752,
      -0.47060347860374,
      0.518242105069726,
      -0.5666145806119675,
      0.9152087123368706,
      0.09882778410510414,
      -0.04459034833779393,
      0.573967538239865,
      -0.3988050583913382
    ],
    [
      0.26885579331084863,
      0.06750205432771043,
      0.556747689918206,
      0.798281229888533,
      0.6146942535224097,
      0.7333153133774052,
      0.2502501444933168,
      0.035704865037512606,
      0.44849502761695537,
      0.4283065322484721,
      0.2447052188526742,
      0.6731820591878347,
      0.6670219455655803,
      0.2426498435727447,
      0.10309072790019033,
      0.7014574109971725
    ],
    [
      0.7289173052446886,
      0.26838462177782013,
      0.7854895879694788,
      0.45917986537538896,
      0.238876887694088,
      0.395595287027281,
      0.2139476314273513,
      0.298982966182463,
      0.31196688892172236,
      0.2514244259029563,
      0.062382409595725316,
      0.2222846475027877,
      0.8900457964230452,
      0.7955923201966651,
      0.7700780794469898,
      0.05692638262016516
    ]
  ],
  "timestamp": 1746892933.8854704,
  "model_state": {
    "lengthscale": [
      [
        0.3358713787049894,
        0.33125272761395036,
        0.3352162557643782,
        0.335104984027789,
        0.32701174536261507,
        0.33235809601449395,
        0.3327927694373861,
        0.32834990388717994,
        0.3338581453464133,
        0.3348567632185554,
        0.33922821245958945,
        0.32583798217807874,
        0.338419348212549,
        0.3327087704852362,
        0.3288630604445911,
        0.33007008482071193
      ]
    ],
    "noise": [
      0.5321675934348326
    ],
    "outputscale": 0.5611475914890423
  }
}