{
  "iteration": 1,
  "candidate_points": [
    [
      0.9663537062867905,
      0.5858365138667899,
      -0.556555873243311,
      -0.498263425384551,
      0.8869928631008202,
      0.3678547113411165,
      0.5020476648859515,
      0.7483308338399896,
      0.21640059169555245,
      0.06000121413845096,
      0.9709234634627997,
      0.04348513244105946,
      0.3447785265550462,
      0.6074135614615729,
      0.4271790054215847,
      0.9875258616165952
    ],
    [
      0.4605043814590217,
      -0.3649928412835106,
      0.8656394115171132,
      -0.043147669473933635,
      0.6167260082664355,
      -0.1948819838666281,
      0.956076299351671,
      0.6069572478508188,
      -0.10675638161412199,
      -0.5066358732654187,
      0.5518175470727417,
      0.2946585664010202,
      0.49047934139675786,
      -0.41153848322409525,
      0.6227819403749647,
      0.6914620143590796
    ],
    [
      0.7987613086211396,
      0.5299297269271697,
      0.12333770568896014,
      0.8853465506834373,
      0.48483158084729194,
      -0.10195707747850119,
      0.7028593818332786,
      0.184578248213558,
      -0.4575387315708715,
      0.05986798550037824,
      0.1394207600114315,
      0.08761491646062729,
      0.8720801453239251,
      0.9769344191422149,
      -0.4470680582962491,
      0.34734243350037497
    ],
    [
      0.46760652547026726,
      -0.3246272553219432,
      0.4774924246535186,
      0.6819210527574683,
      0.9686943748176085,
      0.7710994362272394,
      0.6653071941141983,
      -0.2048461196700911,
      -0.04484156258163388,
      0.4256639584749006,
      -0.8510323162805801,
      0.5962521754920219,
      0.5548879192224958,
      -0.5110445660109729,
      0.7917517663078755,
      -0.11837477411543108
    ],
    [
      0.6190741494258525,
      0.9172036812079483,
      0.7085761867016857,
      0.2497459648745571,
      0.03928039831932566,
      0.8843816515715831,
      0.7919363382234115,
      0.28041022347570843,
      0.4112346401184126,
      0.03409160070204021,
      -0.44699365784660955,
      0.49164041320306423,
      0.377708132252671,
      -0.13336992166569878,
      -0.4457117139692566,
      -0.285685525379104
    ],
    [
      0.12373503095259432,
      0.1659026351810616,
      0.4740905195271105,
      0.017558377903238855,
      -0.33842440632532195,
      -0.12267472574132827,
      -0.2520053354387973,
      0.6196671615213597,
      0.5725294681717644,
      0.7299431898306491,
      0.7483433357780936,
      -0.03522865672051107,
      -0.19639374075146826,
      0.27746524945413625,
      0.8751882319097462,
      -0.11038665935213411
    ],
    [
      0.7012851512903966,
      -0.29441889880908373,
      0.6120211852457718,
      0.78478923030201,
      0.5571061921173602,
      0.46117476555972226,
      0.7244103893447058,
      0.47674929201118516,
      0.8976228266680923,
      -0.5251681783654619,
      -0.5044602813847843,
      0.9565881222623145,
      0.8798041997543445,
      0.5720191698725834,
      0.21390005049989325,
      -0.44280111651255705
    ],
    [
      0.9324861157260742,
      0.26298808229795206,
      0.8944752655411217,
      0.2900603044966129,
      -0.5701692265562035,
      0.12200567546386246,
      0.0020727628709078815,
      -0.39556664716791595,
      0.683156892831407,
      0.7276970306755883,
      0.7482419804527465,
      0.019336206191661234,
      0.10755530832499607,
      0.841047618788441,
      0.7634302491304524,
      -0.8908792963904562
    ],
    [
      0.4603076124595565,
      0.009734829514573749,
      0.5850508605720546,
      -0.21060321966199871,
      0.23491490866141354,
      0.6956290441328254,
      0.8422718303276908,
      0.41326860491847456,
      0.5355306504850939,
      0.7370354505828173,
      0.5772047125306522,
      -0.2828783803585,
      0.2206423356107668,
      -0.3098195223530996,
      -0.7303729843760103,
      0.11628651295327644
    ],
    [
      0.4440887792247991,
      0.018048696240919006,
      0.45728238763370915,
      0.3449601913595056,
      -0.0700232944972702,
      0.8901402491418106,
      0.6467038374223829,
      0.5886049813982638,
      -0.8168911574625902,
      0.9370039562387159,
      0.03522640794282128,
      0.8181806234177176,
      0.6988665056769382,
      -0.19092517145859508,
      0.6667107983196827,
      -0.27768171177593326
    ],
    [
      0.8301617479088935,
      -0.3085255511345561,
      0.03118667173826639,
      0.6685893009655831,
      0.016842597809522946,
      -0.0925894946386401,
      0.2839653189189586,
      0.029248979855641035,
      -0.7617503221718267,
      0.2616678370566665,
      0.49405958035258335,
      0.6662275121762246,
      0.02454292929435465,
      -0.143508289073966,
      0.8424556545213334,
      0.5955231929964512
    ],
    [
      0.773148701459084,
      0.9043583318613286,
      0.17383987521273817,
      0.27706485227831795,
      0.08585478306670381,
      0.028218001764880943,
      0.8696141506417107,
      -0.3335082824581825,
      -0.29761367308223524,
      0.1803587088451454,
      0.38386361743873615,
      0.22123696644353402,
      0.5036159100922556,
      0.6034455809907233,
      0.4559702759970156,
      -0.7583368094912739
    ]
  ],
  "timestamp": 1746890941.3377564,
  "model_state": {
    "lengthscale": [
      [
        0.33331746866089046,
        0.33332680987386154,
        0.33332532495178213,
        0.33333877522671246,
        0.3333341809090905,
        0.3333323226699864,
        0.3333457353830274,
        0.3333375008256717,
        0.3333255036350295,
        0.33332731230472606,
        0.3333118690940437,
        0.3333243640951221,
        0.3333349005615811,
        0.33332315232492854,
        0.33332475344345835,
        0.3333416031089257
      ]
    ],
    "noise": [
      0.9624925655448859
    ],
    "outputscale": 1.472461323690157e-05
  }
}