{
  "iteration": 10,
  "candidate_points": [
    [
      0.6512107358797279,
      0.2972885931893237,
      0.4934925019473873,
      0.839467625153364,
      0.35460155837744656,
      0.7474283965989128,
      0.7959159171429699,
      0.46662605797238327,
      0.18989852838063628,
      0.1160717438146571,
      0.1417091514452109,
      0.4476409348136331,
      0.27435069685128455,
      0.21638873337445633,
      0.6362413711339768,
      0.1859319482077792
    ],
    [
      0.5292786097246365,
      0.07941871132401421,
      0.5463708889248764,
      0.29267343450042516,
      0.01735736000523891,
      0.7706645252058698,
      0.6717600436664312,
      0.572848597649547,
      -0.6585197397811585,
      0.9340258747276279,
      -0.038157197741918045,
      0.7059520093210948,
      0.7381610287471013,
      -0.10826123351325669,
      0.6091116485603552,
      -0.24159345288081527
    ],
    [
      0.6512293124998093,
      0.2973008444059548,
      0.4935271450087807,
      0.8393942113377342,
      0.3545673069810405,
      0.7473708502637258,
      0.7958610590640881,
      0.4666137110520523,
      0.18988914912241162,
      0.11607764595178886,
      0.1417397134200782,
      0.4476470978752399,
      0.2743901390479639,
      0.21638299185226506,
      0.6362267593652691,
      0.1859271440489011
    ],
    [
      0.651223492062579,
      0.29730859148770256,
      0.4935105449708818,
      0.839465504751036,
      0.35460016760500795,
      0.7474335715243489,
      0.795905088799697,
      0.4666556937954698,
      0.1898634078784485,
      0.116035258898357,
      0.14167539108341576,
      0.4476627498790717,
      0.2742950577964326,
      0.21636190039432135,
      0.6362655299776491,
      0.18591914606656254
    ],
    [
      0.6512555152794678,
      0.2973125346463385,
      0.49348724487935886,
      0.8394780981641546,
      0.35460752123219785,
      0.7474306194013612,
      0.7959054942382747,
      0.4665890401455366,
      0.18988859582310388,
      0.11611204057529166,
      0.14171379636971898,
      0.4476138048617562,
      0.27436095371734376,
      0.21636515715889296,
      0.636248490945037,
      0.1859361742336258
    ],
    [
      0.6512141424983157,
      0.2972929346876118,
      0.4935009423164041,
      0.8394259713289033,
      0.3546829600396253,
      0.7474939574058265,
      0.7959371625361712,
      0.46661503538214016,
      0.18983788683477046,
      0.1160970638149357,
      0.1417362078207531,
      0.4475987543662297,
      0.2743580940776729,
      0.21640171494752852,
      0.6362156453126914,
      0.18598211770807094
    ],
    [
      0.651172442534342,
      0.2972585783528935,
      0.4934769633272487,
      0.8394839162174067,
      0.35458654425894487,
      0.7474068456287533,
      0.7959058165770126,
      0.46666567550405397,
      0.18984587980787693,
      0.11608169658942806,
      0.141729655913094,
      0.44761682700893646,
      0.2743155693638209,
      0.21634523455619661,
      0.636210103720776,
      0.18590744821873378
    ],
    [
      0.5319577710838761,
      0.07754916978083781,
      0.5395822307620167,
      0.28149503623153704,
      0.0021259214042091707,
      0.7452790399964647,
      0.6492147319648036,
      0.5700099822561193,
      -0.6864491027143041,
      0.9494471505243894,
      -0.061326091221825606,
      0.7052444741074012,
      0.7354040189192808,
      -0.10119482952341306,
      0.6012995495576212,
      -0.2635611994881828
    ],
    [
      0.6512228481403101,
      0.2972960032946184,
      0.49349041976782093,
      0.8394623929065304,
      0.35460109069457624,
      0.7474178571091713,
      0.7959149392871208,
      0.4666170667612783,
      0.18989128640780367,
      0.11607481662315332,
      0.14170754876205013,
      0.44764777702647657,
      0.27435156432982083,
      0.216389370019375,
      0.6362519860713718,
      0.18594159010572728
    ],
    [
      0.6512215500912737,
      0.29730541754394446,
      0.49349129204601355,
      0.8394530897138905,
      0.3546100776116371,
      0.747392950098885,
      0.7959186029453884,
      0.46659585338068044,
      0.189879691273452,
      0.11608292666548699,
      0.14171307200954542,
      0.447638900193205,
      0.27434366105487396,
      0.21638874488254373,
      0.6362331329530609,
      0.1859218763153894
    ],
    [
      0.6512241337576338,
      0.2972902417191067,
      0.4935028300868787,
      0.8394645752019066,
      0.35457206777048617,
      0.7473945965863876,
      0.7959018651888836,
      0.466633283183682,
      0.18987937493851148,
      0.11615562169577208,
      0.14170874393840158,
      0.4476250587278516,
      0.27437866053061966,
      0.21635315512783437,
      0.6362549627885624,
      0.1859414855931714
    ],
    [
      0.4056687818316565,
      0.15478409846318167,
      0.44181440642727854,
      0.792882699813279,
      0.5469763802256247,
      0.7588485585893713,
      0.382913790237346,
      0.1652447198830873,
      0.393625880853605,
      0.3123681251465496,
      0.2130472569090227,
      0.5677414095393394,
      0.6308730954736149,
      0.2880575843793786,
      0.275002443582267,
      0.576658562284217
    ]
  ],
  "timestamp": 1746894053.7114806,
  "model_state": {
    "lengthscale": [
      [
        0.33759668720813774,
        0.33324012423310156,
        0.35326668905475034,
        0.33804435262502064,
        0.3362487820304487,
        0.326993173819242,
        0.3416616843839838,
        0.3357701566701098,
        0.3415664448677609,
        0.3349568011882178,
        0.33570863852120947,
        0.32166630865855184,
        0.3500961051951041,
        0.33717338835891963,
        0.3339987972635195,
        0.33789717864831215
      ]
    ],
    "noise": [
      0.6505855357646787
    ],
    "outputscale": 0.4393749523581603
  }
}