{
  "iteration": 12,
  "candidate_points": [
    [
      0.6003093792908876,
      0.1669828030207287,
      0.5372665485706873,
      0.8612102163102008,
      0.24072763685284798,
      0.6369165888870517,
      0.7369271799544634,
      0.4493187843381128,
      0.20565838899293992,
      0.10736540516302816,
      0.0003768068418240633,
      0.25163473290393606,
      0.2629862275027409,
      0.27031659547861386,
      0.5961985994755085,
      0.061793180814288536
    ],
    [
      0.15045530236628926,
      -0.10661832315903928,
      0.7245931250403549,
      0.8258467460250697,
      -0.3963517495031434,
      0.32161504377503,
      0.8845975010358754,
      -0.21622184358485774,
      -0.022654827265080463,
      0.4679635459911973,
      -0.818246584650954,
      1.0,
      -0.037043666117419626,
      -0.07352495969018288,
      -0.17077077645404093,
      0.34279913745065566
    ],
    [
      0.6006087167973282,
      0.16698940536597817,
      0.5373917381615937,
      0.8612885955375634,
      0.24076752514129593,
      0.6368466596870607,
      0.7369799458459674,
      0.4492106533925609,
      0.2057300063961962,
      0.10709142989856574,
      0.00039680033462663195,
      0.251578792993687,
      0.26315620973478404,
      0.27024143298705056,
      0.5961390193111058,
      0.061874125179033
    ],
    [
      0.6004994809474155,
      0.16696303854592245,
      0.5374616923093514,
      0.8611318292403995,
      0.24081333182767437,
      0.6367965061979184,
      0.7371127035208686,
      0.44931439860808703,
      0.20580590865892553,
      0.10730781335473394,
      0.00030271623723484605,
      0.25158029913492913,
      0.26287758089140445,
      0.2704580587738728,
      0.5962939267897582,
      0.06196589544493109
    ],
    [
      0.5530495728676188,
      0.21039649133887842,
      0.167632116890754,
      0.5682189937912985,
      0.8535383916587388,
      0.6010428507785018,
      0.7632746185544418,
      0.13175457107253472,
      0.6444683955388818,
      0.4624023989681446,
      0.8270384680744289,
      0.2422222984021002,
      0.6819734276589893,
      0.5117463917817222,
      0.34810423423856485,
      0.5901455265365757
    ],
    [
      0.5530129259718326,
      0.21045558729211686,
      0.1675908335657491,
      0.5680531067119232,
      0.8536369979838524,
      0.6010929146692291,
      0.7631984368096408,
      0.13185219319144686,
      0.6443810084106014,
      0.4623538636128854,
      0.8270646925087997,
      0.2422281943931751,
      0.6819906186913491,
      0.5117923183437457,
      0.3481383732260736,
      0.5901581225610283
    ],
    [
      0.6003714685636666,
      0.16703047773114874,
      0.5372980961011474,
      0.8613121046029265,
      0.24064840771978002,
      0.6368859085516577,
      0.7369794335826143,
      0.44934310257250737,
      0.20566827606306107,
      0.10738783314536238,
      0.0002976227143674604,
      0.25156177093020043,
      0.26324589753574446,
      0.2702384059167548,
      0.5963672722094517,
      0.06185527570188183
    ],
    [
      0.5108073242879837,
      0.10198717745313145,
      0.5385329773309137,
      0.4024408703479941,
      0.08574802072325487,
      0.9033734798916205,
      0.7581889544430938,
      0.5799802329322581,
      -0.5179014352076382,
      0.7905714661427993,
      0.09889740567890064,
      0.6967006061920592,
      0.6971740046929966,
      -0.11620085200026994,
      0.6482035994058087,
      -0.10231574721259089
    ],
    [
      0.600287011606298,
      0.16703546639661712,
      0.5374406249107224,
      0.8612239231028229,
      0.240837331188634,
      0.6368520847721226,
      0.7370083605037705,
      0.4492580482738178,
      0.20580636607774827,
      0.10731422516383338,
      0.0004952597719533916,
      0.2515744569021154,
      0.2628975610147045,
      0.27046615757620673,
      0.596319285270043,
      0.06175572150116989
    ],
    [
      0.15964688553974707,
      -0.1138120464215934,
      0.7679827026412321,
      0.8453676354779095,
      -0.4130336018395432,
      0.34465017137346404,
      0.9250114310659409,
      -0.22942283679731595,
      0.0033980612838631946,
      0.4884856408700909,
      -0.8225010167863992,
      0.9933766753890813,
      0.010463287539911032,
      -0.0708351422516406,
      -0.1518961649588095,
      0.3735111309685813
    ],
    [
      0.600408469285193,
      0.1669798130049787,
      0.5373657551706703,
      0.8611775828055033,
      0.24066896074678487,
      0.6369447559052998,
      0.7369142158548704,
      0.4492871151577086,
      0.20569307094474007,
      0.10745305642713815,
      0.00024903846537689054,
      0.25169056979526216,
      0.2630516653953279,
      0.2702467486233222,
      0.596380263964222,
      0.06181376856955552
    ],
    [
      0.6003365444343269,
      0.1669707061115997,
      0.5373109628833528,
      0.8613216460645133,
      0.24080034035231332,
      0.6368393315752996,
      0.7370631254591846,
      0.44928343106373053,
      0.2058982618692723,
      0.10715040969796152,
      0.0004055881592973881,
      0.25163378735335024,
      0.26301847694197933,
      0.27027727970124094,
      0.5961874482370769,
      0.06178526232674159
    ]
  ],
  "timestamp": 1746894921.7463422,
  "model_state": {
    "lengthscale": [
      [
        0.33700929162785986,
        0.3359855822108606,
        0.3553159997902515,
        0.338140808838456,
        0.34252829558953096,
        0.3357933294748618,
        0.3401700374862746,
        0.3446649905041217,
        0.3448437032291767,
        0.333996715448309,
        0.3448075737191148,
        0.3471754498476082,
        0.3493910883343435,
        0.33972480461459814,
        0.3364560055731234,
        0.33522838344195927
      ]
    ],
    "noise": [
      0.8159482836092414
    ],
    "outputscale": 0.21833651575587618
  }
}