{
  "iteration": 2,
  "candidate_points": [
    [
      0.6900089053050469,
      0.3236574519576418,
      0.537633558545201,
      0.7383192288252615,
      0.36725058552697076,
      0.7995133128157228,
      0.8711524373726388,
      0.6206704493790857,
      0.22216987692538362,
      0.1475320437378748,
      0.10179255051134872,
      0.3018969850890785,
      0.40850891640287046,
      0.26679366969818186,
      0.6431501931693185,
      0.07072736769777119
    ],
    [
      0.11071024956543145,
      0.5310898236991696,
      0.29075783903929564,
      0.407483017928985,
      -0.410828635780709,
      0.8461148819963547,
      0.4795990815663604,
      0.47403901628135453,
      0.017828132907300523,
      -0.7205295712863102,
      0.7400115622417947,
      -0.3610392718656934,
      0.8821629032659404,
      0.7452378514426471,
      0.37934937997984475,
      0.6154799690191758
    ],
    [
      0.690555709044488,
      0.3236706859548794,
      0.5374543992809723,
      0.7384536523272659,
      0.36815180993279145,
      0.7991547738289925,
      0.8711577235969883,
      0.6199552703804585,
      0.22266703538595728,
      0.1499962214294964,
      0.10230686403890932,
      0.3013356835760676,
      0.4095339959544584,
      0.2663814122988386,
      0.6432558542686502,
      0.0718984754999118
    ],
    [
      0.06300309798785053,
      -0.9266286282047429,
      0.8610822170596957,
      0.6548482369790887,
      0.6557237482295243,
      0.061326029710013975,
      0.4062899200306061,
      -0.7953869960945954,
      0.8660894280431476,
      0.8632172478617162,
      -0.10977013241895964,
      0.32296058992073967,
      0.23976830574663857,
      0.05839749138592834,
      -0.08110987864597971,
      0.27142034174934304
    ],
    [
      0.8231700118751921,
      0.6672873883001395,
      0.34345364134470935,
      0.5207793619188228,
      0.2991629010002722,
      0.2141762144699521,
      0.6241864438454924,
      0.34617061714422037,
      0.09584629584618777,
      0.2831085456312555,
      0.3227903464551492,
      0.3368035796898416,
      0.2475124960906224,
      0.46327489220799767,
      0.7409211897839414,
      0.4640154445544602
    ],
    [
      0.9470218680351711,
      0.39896055810875425,
      0.45901898422019044,
      0.9914249262014195,
      0.8529345582236756,
      -0.17755594179443562,
      0.6832213198943948,
      0.0037231734020216002,
      -0.5655499552930192,
      -0.539868045783674,
      -0.7502254726940587,
      0.12487454228140002,
      0.9255392476087724,
      0.6181804512761199,
      0.9498215960518931,
      0.21822825697849105
    ],
    [
      -0.10850601445930248,
      -0.9338024759681474,
      0.7728290525230544,
      0.3100854633700075,
      0.8260750558871067,
      0.860281964483924,
      0.3229411903967438,
      0.6294393942676104,
      0.47330415100129564,
      0.33058739349167265,
      0.4292151153942444,
      -0.1804947810129957,
      0.637123225242078,
      0.2428756721555576,
      0.8245619023887405,
      -0.585076043388123
    ],
    [
      0.27431585199321346,
      0.31847457296025183,
      0.2519977280281019,
      0.06619596104490057,
      0.9877397795670747,
      0.044235211009885644,
      0.5770883201935753,
      0.26033760979205123,
      -0.3629637065622968,
      -0.8052393587811162,
      -0.3530461393237484,
      -0.20722095938973545,
      0.3146850900726401,
      0.23910079814746196,
      0.8383854807448248,
      -0.02739959604307946
    ],
    [
      0.40014692096215965,
      0.8000703583750755,
      0.9421683743122067,
      0.8083846233945503,
      -0.30391139993764804,
      -0.02118783830195946,
      0.5876198688301822,
      0.43556220662479395,
      -0.2298200900768488,
      -0.7928586963854243,
      -0.36971925283641743,
      0.17649843952514113,
      0.003435065410917455,
      -0.3904466852815279,
      0.9419554628058472,
      0.44356389675508945
    ],
    [
      0.6904981050860227,
      0.3245111451228635,
      0.5373216620511861,
      0.7375775244819487,
      0.3677160494829432,
      0.7987467339911432,
      0.8709450650977553,
      0.6197021110951402,
      0.22273082772232614,
      0.14928993593071516,
      0.10147254924948527,
      0.30104824331980345,
      0.40959126542124763,
      0.2669665994278633,
      0.6430591262025568,
      0.07277360285284337
    ],
    [
      0.2210768684433575,
      0.7207137873027251,
      0.6413587018336641,
      0.11231462783729289,
      0.6008502552692091,
      0.8407832212151678,
      0.625948187263544,
      0.3945382643263959,
      0.7416065732778429,
      -0.9970048020922749,
      -0.7112115913235093,
      0.032792301381991025,
      0.7467362274673642,
      -0.5203127826184095,
      0.3716977540837026,
      0.06991749604869003
    ],
    [
      -0.018404545919133302,
      0.3452746931828365,
      0.7645456177966434,
      0.9718115066237335,
      -0.21782262555444154,
      0.756802328262242,
      0.6784615544748454,
      0.37700937790422795,
      -0.08920612136673489,
      0.3377500500118365,
      0.16894180495893385,
      0.28032592753565244,
      -0.9100819602007404,
      -0.25541170516030454,
      0.6625596834051509,
      -0.18220919346400224
    ]
  ],
  "timestamp": 1746891248.0511816,
  "model_state": {
    "lengthscale": [
      [
        0.33332617405478243,
        0.3333341651136277,
        0.33337067616922994,
        0.3333429323023516,
        0.33334583507616256,
        0.3333575375575272,
        0.3333394943357152,
        0.3333429071352436,
        0.33334245888432024,
        0.33335040897874857,
        0.33336757790739985,
        0.3333218399448492,
        0.33335414662524393,
        0.33334475175308176,
        0.33334087682388075,
        0.33335087867245383
      ]
    ],
    "noise": [
      0.9748243495754649
    ],
    "outputscale": 0.00019922480333917967
  }
}