{
  "总迭代次数": 12,
  "最终最佳得分": 0.12211016100014808,
  "最佳得分提升": 0.12211016100014808,
  "平均得分提升": 0.33752620629009095,
  "总计算时间(秒)": 1549.3539628982544,
  "平均每轮时间(秒)": 129.1128302415212,
  "收敛速度": 11
}