{
  "iteration": 9,
  "candidate_points": [
    [
      0.22839479541299612,
      0.14299363148145633,
      0.3184136017937766,
      0.723661777124067,
      0.7592778375136782,
      0.6813318946924484,
      0.23927804926711677,
      0.01954999985514213,
      0.569787824007637,
      0.43583373796123814,
      0.26084754024287576,
      0.6812186439545106,
      0.739264202705806,
      0.26548218467894075,
      0.08809221422115543,
      0.9163578228791753
    ],
    [
      0.6800492179469473,
      0.3080725928073111,
      0.37702171052628364,
      0.779319983218827,
      0.23796410615738417,
      0.8097851775183719,
      0.7987288109140683,
      0.5862299516581336,
      0.2810400195286028,
      0.06826834131160976,
      0.06109201477020885,
      0.1902026711527493,
      0.3635634440136786,
      0.3405708471720447,
      0.716770690541619,
      0.07208651484048949
    ],
    [
      0.4961432794312827,
      0.11892815531090857,
      0.2235728553772987,
      0.5999749526437163,
      0.887106798996167,
      0.7125916252215053,
      0.768598090846796,
      0.04520544464568689,
      0.5852485178531115,
      0.42556760422491235,
      0.8329837855811583,
      0.25221254329083975,
      0.7643895467073243,
      0.5244666290701089,
      0.24873171394890578,
      0.5288535133178012
    ],
    [
      0.39925026458203144,
      -0.08746114969231981,
      0.46737494280705927,
      0.4623928211811593,
      -0.03392164513992616,
      0.9292588044564528,
      0.592510590480876,
      0.5852898573020695,
      -0.7963585408769756,
      0.8376752085026311,
      0.011657591746860428,
      0.8609038335164563,
      0.5847492789646936,
      -0.19278024247179384,
      0.6767742400545215,
      -0.2624747805103565
    ],
    [
      0.39899596349839994,
      -0.08750792577774522,
      0.46707442407201943,
      0.46185006783141036,
      -0.0331745062840535,
      0.9293147649143985,
      0.5930956438487248,
      0.5845788203162617,
      -0.7956676477419165,
      0.8375577597704259,
      0.011939184272396238,
      0.8608654666021098,
      0.5843509858814314,
      -0.19320046453272566,
      0.6769325105214292,
      -0.2629422183254052
    ],
    [
      0.7969975865477674,
      0.5292855952137467,
      0.803236172103662,
      0.31869846872952196,
      0.6395623694472089,
      0.49270167444782276,
      0.9045588652140081,
      0.6428991466463637,
      0.1537580279085223,
      0.5797892366328539,
      0.39633318900949616,
      0.21007660492012972,
      0.7955847980274213,
      0.35504511879192224,
      0.45345749225075654,
      0.23032046707959133
    ],
    [
      0.6799090569483047,
      0.30780821392629965,
      0.3772539283525575,
      0.7796739616403363,
      0.23786739394003,
      0.8097934592239612,
      0.7989658161624242,
      0.5863017414377704,
      0.28106462677278005,
      0.06807983548889994,
      0.060997676003538163,
      0.19015738588531397,
      0.36320555457021597,
      0.3405290501936521,
      0.7167042182531276,
      0.07212485547729867
    ],
    [
      0.22838402910044495,
      0.14299736234299143,
      0.3184050269584668,
      0.7236796884004412,
      0.759201531478815,
      0.6813164994586639,
      0.2391897086072029,
      0.01951431425537486,
      0.569784983757622,
      0.43590364471471593,
      0.2608690902647597,
      0.6811240144957942,
      0.7392101585333416,
      0.2654990635426714,
      0.08802676616586197,
      0.9163987180902496
    ],
    [
      0.6801732498098978,
      0.30773963207670363,
      0.3767395450782898,
      0.779525107482884,
      0.23817696725323717,
      0.8097943645991592,
      0.7989641302475606,
      0.5862954013527063,
      0.28074385326556067,
      0.06816672178564713,
      0.06085191655318098,
      0.19011510021121783,
      0.36339961695489237,
      0.3404479495094112,
      0.7164628134989021,
      0.07215714756972368
    ],
    [
      0.679945332789594,
      0.30781516255599534,
      0.3769427611515657,
      0.7794350225613338,
      0.2376088366109633,
      0.8100826771353175,
      0.7992514341744503,
      0.5861091245859528,
      0.2807318407413565,
      0.06825782091029815,
      0.060991570026105134,
      0.19027650271410157,
      0.36330926417849035,
      0.34042689401240456,
      0.7167489072049422,
      0.0722039664441606
    ],
    [
      0.3990224414773654,
      -0.08705152919935145,
      0.46694836293990544,
      0.4625691546887912,
      -0.03405290398173289,
      0.9288456575441619,
      0.5931559582745639,
      0.5843015609281178,
      -0.795840687292207,
      0.8375664749588192,
      0.012063887942938624,
      0.8608063980562783,
      0.584024607276723,
      -0.19279581314660932,
      0.6770731521872154,
      -0.2628100353244416
    ],
    [
      0.6801630355760154,
      0.30806608086336296,
      0.3769580965846388,
      0.7794630789965296,
      0.23799859969974466,
      0.8098882707818006,
      0.7990228349837238,
      0.5861077367466211,
      0.2811750324876736,
      0.0683055216126211,
      0.06088961327874439,
      0.19027815848272767,
      0.36351326005824486,
      0.34067834271945163,
      0.716751371707943,
      0.07229920597526461
    ]
  ],
  "timestamp": 1746893680.3613365,
  "model_state": {
    "lengthscale": [
      [
        0.33748463706167414,
        0.3300879873064929,
        0.3537299869094894,
        0.33950554561771107,
        0.3373535575932544,
        0.3222667033007971,
        0.3311866235235162,
        0.3347221882008561,
        0.3431944609784534,
        0.3320540130458404,
        0.33188925261040186,
        0.31774101774474195,
        0.3462806128368153,
        0.33772459405357497,
        0.33200441728971886,
        0.3415385859277371
      ]
    ],
    "noise": [
      0.5502305398445917
    ],
    "outputscale": 0.5625223678941909
  }
}