{
  "iteration": [
    1,
    2,
    3,
    4,
    5,
    6,
    7,
    8,
    9,
    10,
    11,
    12
  ],
  "best_score": [
    0.0,
    0.0,
    0.10938512302836975,
    0.0,
    0.0,
    0.0,
    0.0,
    0.0,
    0.0,
    0.0,
    0.0,
    0.12211016100014808
  ],
  "avg_score": [
    -0.7760339920959978,
    -0.97410955209607,
    -0.5289118821611981,
    -0.8563999487562507,
    -0.8064250489110191,
    -1.3696040052731624,
    -0.6288943477227029,
    -0.784810888869177,
    -0.777046483045814,
    -0.5172680615942579,
    -0.7484011549159115,
    -0.4385077858059068
  ],
  "computation_time": [
    116.61073446273804,
    79.97497367858887,
    158.61933088302612,
    109.9661283493042,
    85.76153802871704,
    87.11995148658752,
    74.79835152626038,
    161.168719291687,
    165.15249061584473,
    132.765727519989,
    157.55897617340088,
    219.8570408821106
  ]
}