{
  "iteration": 4,
  "candidate_points": [
    [
      0.41384220574721875,
      0.0845933507488263,
      0.30934060955192016,
      0.6802577911645277,
      0.7684409734046994,
      0.7110136780562647,
      0.45104312359537563,
      0.034240730187170366,
      0.5370133105188571,
      0.4363024192876502,
      0.5146296898915722,
      0.4676677116001138,
      0.7249727520488265,
      0.3993275231002053,
      0.1714825096818735,
      0.6885356327608001
    ],
    [
      0.4138435620431364,
      0.08462164409314923,
      0.30932278591274354,
      0.6802320261129448,
      0.7684407702746404,
      0.7110332030014739,
      0.4510131652834933,
      0.03422480166943769,
      0.5369820212185382,
      0.43628497356070445,
      0.5146080403903082,
      0.46767579304852264,
      0.7249684398251368,
      0.3993134058526019,
      0.17146172610820953,
      0.68853252791177
    ],
    [
      0.4138403819759522,
      0.08459100736692476,
      0.30934225247731734,
      0.6802565577816079,
      0.7684421830617639,
      0.7110268270139216,
      0.4510315963032358,
      0.03423893026349138,
      0.5369957297125963,
      0.436262975603721,
      0.5146313730631648,
      0.4676644914442081,
      0.724992004385432,
      0.39933669187916326,
      0.1714779587460228,
      0.6885480385443513
    ],
    [
      0.4138354453871987,
      0.08458821959841215,
      0.30934592326180843,
      0.6802575513169157,
      0.7684371471783719,
      0.7110192504528914,
      0.4510422339958386,
      0.034247004248965374,
      0.5370090383810914,
      0.4363032538743248,
      0.5146249495866196,
      0.4676684430788288,
      0.7249661913001535,
      0.39932360592499216,
      0.17147713204163986,
      0.6885349431686498
    ],
    [
      0.4138450906796513,
      0.08459088885794092,
      0.3093468115680663,
      0.6802561919740578,
      0.7684437928627197,
      0.7110245251518229,
      0.4510501828438506,
      0.03424560335836892,
      0.5370101332329452,
      0.43629931843638464,
      0.5146346588696797,
      0.4676742879230412,
      0.7249767559176005,
      0.39932553346231114,
      0.17147911144104233,
      0.6885405108514847
    ],
    [
      0.41383943678018603,
      0.08459522483500855,
      0.3093452678353276,
      0.6802587595775884,
      0.7684350113634484,
      0.7110204305478428,
      0.4510403553073942,
      0.034244079873235335,
      0.5370111519197964,
      0.43630030273852305,
      0.5146221405661938,
      0.4676736190986303,
      0.7249727552157835,
      0.39932308263925703,
      0.17147775903520263,
      0.6885399484608901
    ],
    [
      0.4138389364757139,
      0.08458759123943158,
      0.30934260817190345,
      0.6802589768094847,
      0.7684366161728418,
      0.7110192474764875,
      0.45104326784932874,
      0.03423880245559288,
      0.5370106650652985,
      0.4362999505958402,
      0.5146294186519024,
      0.4676699089752892,
      0.7249723773721988,
      0.3993238525854136,
      0.17147952002079453,
      0.688534453154504
    ],
    [
      0.41383717827868877,
      0.08459193447935759,
      0.30934166996867624,
      0.6802611245517136,
      0.7684376065017023,
      0.7110254613347108,
      0.45103872807931655,
      0.034241351739466255,
      0.5370094620297718,
      0.43629948798658197,
      0.5146177007335977,
      0.4676731616141788,
      0.7249754706056062,
      0.39932405878226346,
      0.17147489968545682,
      0.688540437714598
    ],
    [
      0.41383705457707737,
      0.08459262860511978,
      0.30934306235498404,
      0.6802578012824531,
      0.7684373652246403,
      0.7110191591911178,
      0.4510462670954882,
      0.034238936893881564,
      0.5370114438478711,
      0.4362999838876698,
      0.5146275098919676,
      0.4676718255918003,
      0.7249707621950069,
      0.3993232646251495,
      0.1714788931337156,
      0.6885372346906315
    ],
    [
      0.41383767705287583,
      0.08459127564618313,
      0.30934291056455065,
      0.6802582052864536,
      0.7684395710831206,
      0.7110197222394249,
      0.45104721138534376,
      0.03424308199849648,
      0.5370115981658021,
      0.4363013665063214,
      0.5146271773457012,
      0.4676701135766533,
      0.7249694475163753,
      0.399324914138159,
      0.17147843857806172,
      0.6885386939541285
    ],
    [
      0.701716404421376,
      0.3527191230360996,
      0.37523467923687504,
      0.8237313809030162,
      0.23639750982646388,
      0.7383809154016375,
      0.7755774780129833,
      0.5094288516164116,
      0.21340215562570883,
      0.05287969827319965,
      0.07929464107816023,
      0.32042341174132455,
      0.24375967890081962,
      0.2978841331974725,
      0.747260037506096,
      0.15838558563828115
    ],
    [
      0.41383786410078793,
      0.08458813474690874,
      0.3093437498310393,
      0.6802604472258645,
      0.7684369550838719,
      0.7110223803439081,
      0.45104058986186907,
      0.03423869692444092,
      0.537008513680672,
      0.4362975727951701,
      0.5146239106491706,
      0.46767382515509487,
      0.724975316344134,
      0.3993219391360176,
      0.17148179861427154,
      0.688538515944184
    ]
  ],
  "timestamp": 1746891950.7341917,
  "model_state": {
    "lengthscale": [
      [
        0.33543540251936493,
        0.3321630524578396,
        0.3357132297667518,
        0.3344801408603824,
        0.3321948619808159,
        0.3322038008471922,
        0.3411333776786081,
        0.32987949978479736,
        0.33396972717521983,
        0.333557890788268,
        0.3495113130824384,
        0.33908077147307963,
        0.3334486237662806,
        0.33552282839223824,
        0.33205725284221377,
        0.3334344058745451
      ]
    ],
    "noise": [
      0.9202628715779754
    ],
    "outputscale": 0.06504949617104641
  }
}