{
  "iteration": 3,
  "candidate_points": [
    [
      0.36170542536086436,
      0.08837847119917325,
      0.3755687733123943,
      0.7353515106737956,
      0.7104397656720699,
      0.7396783325239267,
      0.3195820527807012,
      0.02667474967838508,
      0.49106728543570755,
      0.40688360746385077,
      0.344034120860409,
      0.5750907897227417,
      0.7508370909671372,
      0.3293007985907409,
      0.13206126508735158,
      0.7316878935780432
    ],
    [
      0.6745621895041288,
      0.29362600016806817,
      0.6049345638668007,
      0.7210413005234342,
      0.4222887563698135,
      0.8553667124522096,
      0.9167421656563665,
      0.6736763528073454,
      0.23476953553159066,
      0.1746607810499416,
      0.09753734442626716,
      0.2985269367176831,
      0.473008132251938,
      0.2444932954314726,
      0.5971735126550173,
      0.022787436270852997
    ],
    [
      0.674557140721833,
      0.2935901730482386,
      0.6049539705729626,
      0.7210442269821857,
      0.42229526276177876,
      0.8553624754170815,
      0.9167501994244686,
      0.6736677475157818,
      0.2347718619940599,
      0.17466876026458258,
      0.09754706487169065,
      0.2985326278897537,
      0.47300069767738767,
      0.24449051175456943,
      0.5971848328182993,
      0.022788125786445533
    ],
    [
      0.3617055312417801,
      0.0883715438597479,
      0.3755426791599336,
      0.735345082176741,
      0.710441123047417,
      0.7396820719613874,
      0.3195792961614167,
      0.026656848599731418,
      0.4910820821031945,
      0.40689436509890603,
      0.34403698397472876,
      0.5750972724353391,
      0.7508367995120354,
      0.32930173425220016,
      0.13206015188649511,
      0.731705378464495
    ],
    [
      0.10897971371301528,
      0.02418985603996426,
      0.8754029241946982,
      0.7157657862680358,
      0.5731451288514021,
      0.5000477495536555,
      0.5659457641060485,
      0.1489411062980802,
      0.5317028208253913,
      0.6743828876234652,
      0.6617746854157022,
      0.6062333701768965,
      0.16323108299319106,
      0.25605426483887406,
      0.17353932633828725,
      0.49212253768893066
    ],
    [
      0.6745772311562704,
      0.2935907001601534,
      0.6049540863062152,
      0.7210349832337857,
      0.4223072981973483,
      0.8553451117252668,
      0.9167334134054508,
      0.6736790356890469,
      0.23476815099268203,
      0.17467869679060433,
      0.09756009751930879,
      0.29851050730944123,
      0.47300313915842923,
      0.24449484287216758,
      0.5971712590875271,
      0.022817705784074823
    ],
    [
      0.674532164900603,
      0.29355733125764105,
      0.6049575474014987,
      0.7210878276595698,
      0.42230815857466225,
      0.855371149104264,
      0.916721964462019,
      0.6736463189534965,
      0.2347970637391828,
      0.17466176277191717,
      0.09757042643807558,
      0.29855056618293424,
      0.47300966326020655,
      0.24450027626507706,
      0.5971681730260373,
      0.02279357556800388
    ],
    [
      0.6745422616474681,
      0.29347539722553884,
      0.6048797446642892,
      0.7210666557078277,
      0.4222085115452199,
      0.855403372603949,
      0.916843918358878,
      0.6736761628986783,
      0.23478179550729084,
      0.1746717935775222,
      0.09746106227582715,
      0.2985628800469016,
      0.47298912512094526,
      0.24463981635535959,
      0.5972453764290799,
      0.02280582974173278
    ],
    [
      0.6745643560121135,
      0.293575551143852,
      0.6049387345452704,
      0.7210736711834191,
      0.42228775031699517,
      0.855371551430102,
      0.9167563154110664,
      0.673664545329433,
      0.2347810557770852,
      0.17465246466022416,
      0.09754354628222206,
      0.2985089548035205,
      0.4729946503714132,
      0.24449277300340289,
      0.5971857942445419,
      0.02277944311117998
    ],
    [
      0.3617059361366432,
      0.08837407221521529,
      0.3755732814534692,
      0.7353513815837206,
      0.710441299403827,
      0.739684541386106,
      0.31958831408710325,
      0.026670675916243673,
      0.4910689374292137,
      0.4068862748886298,
      0.3440413970911416,
      0.5750870716138423,
      0.7508343182687833,
      0.3292996538483937,
      0.13206045583319287,
      0.7316819661289773
    ],
    [
      0.47608419166520816,
      0.08427868106333662,
      0.22686009010124494,
      0.6220383521326801,
      0.8335878910957302,
      0.6869172542880315,
      0.5836006476677262,
      0.040941514219932404,
      0.584385673569917,
      0.45965079595911573,
      0.686287272550014,
      0.35380206009304244,
      0.7148758633368583,
      0.47544817677354223,
      0.21280312845237917,
      0.6481472311256297
    ],
    [
      0.3617058000467145,
      0.08837757551741665,
      0.3755688989548122,
      0.735348318827098,
      0.7104409939730203,
      0.7396831824391198,
      0.3195816582729048,
      0.026673036321232742,
      0.49106681846678735,
      0.4068853334607434,
      0.3440375335525949,
      0.5750939058252544,
      0.7508357439865011,
      0.3292997515368442,
      0.1320593770359103,
      0.7316875258870603
    ]
  ],
  "timestamp": 1746891628.935011,
  "model_state": {
    "lengthscale": [
      [
        0.33004021250601484,
        0.3310645510851413,
        0.3425512222786007,
        0.3415662871804624,
        0.3320922830088276,
        0.32582274918349224,
        0.3334948105867031,
        0.32207729415166353,
        0.33072578229968697,
        0.3414841877383887,
        0.3442467839325669,
        0.3144107655392529,
        0.3351370865820157,
        0.33364659160080334,
        0.3341617779430385,
        0.32116928542800277
      ]
    ],
    "noise": [
      0.43613120588568133
    ],
    "outputscale": 0.5150190493453618
  }
}