{
  "x_values": [
    0.6687394380569458,
    0.47608419166520816,
    0.15045530236628926,
    0.6006087167973282
  ],
  "y_values": [
    0.5216381549835205,
    0.22686009010124494,
    0.7245931250403549,
    0.5373917381615937
  ],
  "scores": [
    0.0,
    0.10938512302836975,
    0.1155492943666306,
    0.12211016100014808
  ],
  "dim1": 0,
  "dim2": 2
}