{
  "x_values": [
    0.29172831773757935,
    0.08427868106333662,
    -0.10661832315903928,
    0.16698940536597817
  ],
  "y_values": [
    0.5216381549835205,
    0.22686009010124494,
    0.7245931250403549,
    0.5373917381615937
  ],
  "scores": [
    0.0,
    0.10938512302836975,
    0.1155492943666306,
    0.12211016100014808
  ],
  "dim1": 1,
  "dim2": 2
}