{
  "x_values": [
    0.6687394380569458,
    0.47608419166520816,
    0.15045530236628926,
    0.6006087167973282
  ],
  "y_values": [
    0.7893443703651428,
    0.6220383521326801,
    0.8258467460250697,
    0.8612885955375634
  ],
  "scores": [
    0.0,
    0.10938512302836975,
    0.1155492943666306,
    0.12211016100014808
  ],
  "dim1": 0,
  "dim2": 3
}