{
  "x_values": [
    0.5216381549835205,
    0.22686009010124494,
    0.7245931250403549,
    0.5373917381615937
  ],
  "y_values": [
    0.7893443703651428,
    0.6220383521326801,
    0.8258467460250697,
    0.8612885955375634
  ],
  "scores": [
    0.0,
    0.10938512302836975,
    0.1155492943666306,
    0.12211016100014808
  ],
  "dim1": 2,
  "dim2": 3
}