{
  "intrinsic_dim": [
    16,
    16
  ],
  "batch_size": [
    12,
    12
  ],
  "final_score": [
    null,
    0.1294544618102845
  ],
  "total_time": [
    4.0531158447265625e-06,
    4479.519112110138
  ]
}