{
  "x_values": [
    0.6687394380569458,
    0.47608419166520816,
    0.15045530236628926,
    0.6006087167973282
  ],
  "y_values": [
    0.29172831773757935,
    0.08427868106333662,
    -0.10661832315903928,
    0.16698940536597817
  ],
  "scores": [
    0.0,
    0.10938512302836975,
    0.1155492943666306,
    0.12211016100014808
  ],
  "dim1": 0,
  "dim2": 1
}