{
  "总迭代次数": 24,
  "最终最佳得分": 3.8678974866867066,
  "最佳得分提升": -0.2780468940734866,
  "平均得分提升": 0.5699413696924845,
  "总计算时间(秒)": 53.222596883773804,
  "平均每轮时间(秒)": 2.2176082034905753,
  "收敛速度": 0
}