{
  "iteration": [
    1,
    2,
    3,
    4,
    5,
    6,
    7,
    8,
    9,
    10,
    11,
    12,
    13,
    14,
    15,
    16,
    17,
    18,
    19,
    20,
    21,
    22,
    23,
    24
  ],
  "best_score": [
    4.145944380760193,
    5.780536723136902,
    5.817419663071632,
    6.153133475780487,
    4.454371786117553,
    5.977207612991333,
    6.13031369894743,
    6.00898928642273,
    5.067680704593658,
    5.304624676704407,
    5.698285454511643,
    5.727203275263309,
    6.307181811332702,
    5.284627896547318,
    4.893971586227417,
    5.874761188030243,
    4.767598724365234,
    0.8733771324157715,
    5.789434552192688,
    0.0,
    4.8538237571716305,
    4.369597101211548,
    2.872316598892212,
    3.8678974866867066
  ],
  "avg_score": [
    -0.5711713016033172,
    -0.6202892005443573,
    0.614333426207304,
    1.4026601523160938,
    0.8051482578118642,
    1.985946214199066,
    0.23066885806620122,
    0.19126315712928776,
    0.5071206877628963,
    -0.15827066103617357,
    -0.7334762121240298,
    -0.04546455132464574,
    0.5006576951593161,
    -0.2679476752877235,
    -0.8129657626152039,
    0.08913293182849887,
    -0.03574013710021973,
    -0.760551905632019,
    1.2343531822164853,
    -1.1666666666666667,
    -0.1616929411888123,
    -0.2940714200337728,
    -0.5788050770759582,
    -0.001229931910832686
  ],
  "computation_time": [
    4.719111919403076,
    3.4742660522460938,
    3.5325489044189453,
    2.885937213897705,
    2.6414432525634766,
    2.1318702697753906,
    2.0449399948120117,
    2.134626626968384,
    2.145179271697998,
    2.3080174922943115,
    2.1975927352905273,
    1.7080483436584473,
    1.6567938327789307,
    1.772087574005127,
    1.7002732753753662,
    1.864790678024292,
    1.6854314804077148,
    1.642627239227295,
    1.6651029586791992,
    1.6595478057861328,
    1.754889965057373,
    1.808131217956543,
    1.9340486526489258,
    2.155290126800537
  ]
}