{
  "x_values": [
    0.6687394380569458,
    0.4570068120956421,
    0.6255425214767456,
    0.6814263463020325,
    0.31399548053741455,
    0.7654531002044678
  ],
  "y_values": [
    0.5216381549835205,
    0.365581214427948,
    -0.06014278903603554,
    0.9067702293395996,
    0.40579527616500854,
    0.6965535879135132
  ],
  "scores": [
    0.0,
    4.145944380760193,
    5.780536723136902,
    5.817419663071632,
    6.153133475780487,
    6.307181811332702
  ],
  "dim1": 0,
  "dim2": 2
}