{
  "intrinsic_dim": [
    16,
    16
  ],
  "batch_size": [
    12,
    12
  ],
  "final_score": [
    null,
    -1.5
  ],
  "total_time": [
    6.67572021484375e-06,
    8069.1454021930695
  ]
}