{
  "x_values": [
    0.29172831773757935,
    0.8199737071990967,
    0.5623064041137695,
    0.9081943035125732,
    0.49059826135635376,
    -0.002745767356827855
  ],
  "y_values": [
    0.7893443703651428,
    0.8377655148506165,
    0.9373792409896851,
    0.7166302800178528,
    0.7163957357406616,
    0.3123888075351715
  ],
  "scores": [
    0.0,
    4.145944380760193,
    5.780536723136902,
    5.817419663071632,
    6.153133475780487,
    6.307181811332702
  ],
  "dim1": 1,
  "dim2": 3
}