{
  "x_values": [
    0.6687394380569458,
    0.4570068120956421,
    0.6255425214767456,
    0.6814263463020325,
    0.31399548053741455,
    0.7654531002044678
  ],
  "y_values": [
    0.7893443703651428,
    0.8377655148506165,
    0.9373792409896851,
    0.7166302800178528,
    0.7163957357406616,
    0.3123888075351715
  ],
  "scores": [
    0.0,
    4.145944380760193,
    5.780536723136902,
    5.817419663071632,
    6.153133475780487,
    6.307181811332702
  ],
  "dim1": 0,
  "dim2": 3
}