{
  "x_values": [
    0.5216381549835205,
    0.365581214427948,
    -0.06014278903603554,
    0.9067702293395996,
    0.40579527616500854,
    0.6965535879135132
  ],
  "y_values": [
    0.7893443703651428,
    0.8377655148506165,
    0.9373792409896851,
    0.7166302800178528,
    0.7163957357406616,
    0.3123888075351715
  ],
  "scores": [
    0.0,
    4.145944380760193,
    5.780536723136902,
    5.817419663071632,
    6.153133475780487,
    6.307181811332702
  ],
  "dim1": 2,
  "dim2": 3
}