{
  "x_values": [
    0.6687394380569458,
    0.4570068120956421,
    0.6255425214767456,
    0.6814263463020325,
    0.31399548053741455,
    0.7654531002044678
  ],
  "y_values": [
    0.29172831773757935,
    0.8199737071990967,
    0.5623064041137695,
    0.9081943035125732,
    0.49059826135635376,
    -0.002745767356827855
  ],
  "scores": [
    0.0,
    4.145944380760193,
    5.780536723136902,
    5.817419663071632,
    6.153133475780487,
    6.307181811332702
  ],
  "dim1": 0,
  "dim2": 1
}