{
  "iteration": [
    1,
    2,
    3,
    4,
    5,
    6,
    7,
    8,
    9,
    10,
    11,
    12
  ],
  "best_score": [
    0.0,
    0.0,
    4.093514466285706,
    5.235299825668335,
    4.978381967544555,
    4.247179889678955,
    2.6410595893859865,
    0.0,
    0.0,
    5.125647966563702,
    0.0,
    5.663001158088446
  ],
  "avg_score": [
    -1.2083333333333333,
    -1.25,
    -0.20868462125460305,
    -0.9387250145276388,
    -0.9184681693712871,
    -0.9377350091934203,
    -0.6965783675511679,
    -1.0,
    -0.875,
    -0.7811960027863583,
    -1.0833333333333333,
    0.7973260439311464
  ],
  "computation_time": [
    3.6997475624084473,
    2.886479377746582,
    2.8312714099884033,
    2.2688076496124268,
    2.0240540504455566,
    1.8211860656738281,
    1.6111884117126465,
    1.685460090637207,
    1.77738356590271,
    1.9786627292633057,
    1.8266124725341797,
    1.4155423641204834
  ]
}