{
  "总迭代次数": 12,
  "最终最佳得分": 5.663001158088446,
  "最佳得分提升": 5.663001158088446,
  "平均得分提升": 2.0056593772644797,
  "总计算时间(秒)": 25.826395750045776,
  "平均每轮时间(秒)": 2.152199645837148,
  "收敛速度": 3
}