{
  "x_values": [
    0.39834079146385193,
    0.2088126689195633,
    -0.49233388900756836,
    0.014450850896537304,
    -0.5578251481056213
  ],
  "y_values": [
    0.8713663220405579,
    0.6637515425682068,
    0.05559935420751572,
    0.2655082046985626,
    -0.6316388249397278
  ],
  "scores": [
    0.0,
    4.093514466285706,
    5.235299825668335,
    5.597245925664902,
    5.663001158088446
  ],
  "dim1": 2,
  "dim2": 3
}