{
  "x_values": [
    0.5243664383888245,
    0.606316089630127,
    0.10836566239595413,
    0.03905550017952919,
    -0.7738604545593262
  ],
  "y_values": [
    0.8713663220405579,
    0.6637515425682068,
    0.05559935420751572,
    0.2655082046985626,
    -0.6316388249397278
  ],
  "scores": [
    0.0,
    4.093514466285706,
    5.235299825668335,
    5.597245925664902,
    5.663001158088446
  ],
  "dim1": 0,
  "dim2": 3
}