{
  "x_values": [
    0.5243664383888245,
    0.606316089630127,
    0.10836566239595413,
    0.03905550017952919,
    -0.7738604545593262
  ],
  "y_values": [
    0.39834079146385193,
    0.2088126689195633,
    -0.49233388900756836,
    0.014450850896537304,
    -0.5578251481056213
  ],
  "scores": [
    0.0,
    4.093514466285706,
    5.235299825668335,
    5.597245925664902,
    5.663001158088446
  ],
  "dim1": 0,
  "dim2": 2
}