{
  "x_values": [
    0.9788526296615601,
    0.9358101487159729,
    0.09240651875734329,
    0.5492433905601501,
    -0.971503734588623
  ],
  "y_values": [
    0.39834079146385193,
    0.2088126689195633,
    -0.49233388900756836,
    0.014450850896537304,
    -0.5578251481056213
  ],
  "scores": [
    0.0,
    4.093514466285706,
    5.235299825668335,
    5.597245925664902,
    5.663001158088446
  ],
  "dim1": 1,
  "dim2": 2
}