{
  "x_values": [
    0.9788526296615601,
    0.9358101487159729,
    0.09240651875734329,
    0.5492433905601501,
    -0.971503734588623
  ],
  "y_values": [
    0.8713663220405579,
    0.6637515425682068,
    0.05559935420751572,
    0.2655082046985626,
    -0.6316388249397278
  ],
  "scores": [
    0.0,
    4.093514466285706,
    5.235299825668335,
    5.597245925664902,
    5.663001158088446
  ],
  "dim1": 1,
  "dim2": 3
}