{
  "intrinsic_dim": [
    8,
    8
  ],
  "batch_size": [
    12,
    12
  ],
  "final_score": [
    null,
    0.0
  ],
  "total_time": [
    4.0531158447265625e-06,
    3394.3819806575775
  ]
}