{
  "iteration": 4,
  "candidate_points": [
    [
      -0.08774170050745887,
      -0.5272897288363981,
      0.3859705958126843,
      0.463308131422674,
      -0.03057859013276761,
      0.266789913873068,
      0.8237138815562841,
      0.9411762476504382
    ],
    [
      -0.08769961692696673,
      -0.5272495889212832,
      0.3861673712521898,
      0.46326880679338034,
      -0.03052303252843957,
      0.2667637036995849,
      0.8237033195613441,
      0.9411202160630009
    ],
    [
      -0.08769586655678298,
      -0.5272872680774368,
      0.3862290428341379,
      0.46331312142665804,
      -0.03052098928689469,
      0.26674462202470156,
      0.8236466249785828,
      0.9410255399454766
    ],
    [
      -0.08771130865154274,
      -0.5273120527769322,
      0.3861991514689498,
      0.4633176284918384,
      -0.03054975344420799,
      0.26676578996186395,
      0.8236566779612499,
      0.9410572165986699
    ],
    [
      -0.08768419580709844,
      -0.5272887239746568,
      0.38622525373468325,
      0.463240934994678,
      -0.030558321066118894,
      0.2667483051639656,
      0.8236150533230713,
      0.9411123735061696
    ],
    [
      -0.08771759772543061,
      -0.5273138049336658,
      0.38624611993367897,
      0.46330177952592727,
      -0.030540622074584703,
      0.2667589644540796,
      0.8236601275947969,
      0.9410274436190029
    ],
    [
      -0.08769316458204968,
      -0.5272744927186626,
      0.3862331456677936,
      0.46329988780063247,
      -0.030508032494696448,
      0.2667643533331948,
      0.8236688629655992,
      0.9410722178658925
    ],
    [
      -0.08770957267034661,
      -0.5272763156879415,
      0.38616169202598427,
      0.463282494513356,
      -0.030513471757144195,
      0.26673819574310964,
      0.8236977099601016,
      0.9411063853611775
    ],
    [
      -0.0877114044143535,
      -0.5272919964198808,
      0.38620103941038003,
      0.46328999398743054,
      -0.030517257080131092,
      0.26675800075251166,
      0.82366887234051,
      0.9410725960186439
    ],
    [
      -0.08772112629703158,
      -0.5272393762222503,
      0.3860537532464159,
      0.4632271759802627,
      -0.030503270223869047,
      0.26677890502325374,
      0.823733653883056,
      0.9411795300503766
    ],
    [
      -0.08771008983574109,
      -0.5272777229841008,
      0.3862634186459806,
      0.4633098787433829,
      -0.030606646603015937,
      0.2667271505815515,
      0.8237071400637882,
      0.9410160267456386
    ],
    [
      -0.08769271056795645,
      -0.527264111873927,
      0.3862541046288556,
      0.46330070113404065,
      -0.030549826818440567,
      0.2667356323347373,
      0.8236769369194665,
      0.9410689342467501
    ]
  ],
  "timestamp": 1746884528.4595885,
  "model_state": {
    "lengthscale": [
      [
        0.3215459507669862,
        0.37869356117563724,
        0.37961221866325834,
        0.3369615913243457,
        0.3264831947471076,
        0.33812774050215805,
        0.34874777033646054,
        0.3679212892577229
      ]
    ],
    "noise": [
      0.8858896715844925
    ],
    "outputscale": 0.08681704164699199
  }
}