{
  "iteration": 6,
  "candidate_points": [
    [
      0.20847296465943027,
      -0.4275567443338781,
      -0.12711451877551125,
      0.4376726781457464,
      0.058660321204428593,
      -0.25457345116578234,
      0.4629580354178573,
      0.8331596041571306
    ],
    [
      0.21153769014741838,
      -0.42502785048620456,
      -0.12489282697535628,
      0.4260983209716397,
      0.05313698394545678,
      -0.24221414826005777,
      0.44373443701146176,
      0.843034486131982
    ],
    [
      0.21159456420300943,
      -0.4249012280959774,
      -0.1248668992448911,
      0.42620743502269315,
      0.05321377163642877,
      -0.24234011907691178,
      0.44399745199705465,
      0.8431041500741713
    ],
    [
      0.21158355749935592,
      -0.4249706847712463,
      -0.12490037296343431,
      0.4261836744009462,
      0.05307976721920836,
      -0.24223693958289688,
      0.4438060147772485,
      0.8430545309338613
    ],
    [
      0.21156478686323835,
      -0.4249991133901764,
      -0.12489337610958723,
      0.42613818980553186,
      0.05313713704248281,
      -0.24225431950407475,
      0.44381294887280015,
      0.8430430936868106
    ],
    [
      0.2003398823878201,
      -0.43247316911520883,
      -0.12244669258189239,
      0.40584369652077745,
      0.039633449606879756,
      -0.23180823162430028,
      0.4142304395630922,
      0.8436971763287147
    ],
    [
      0.2115429202599353,
      -0.4250170021008684,
      -0.12490874280074526,
      0.4261857543129539,
      0.05311708018075388,
      -0.24220515408690174,
      0.4437494427786566,
      0.8430314058583288
    ],
    [
      0.2115543074977481,
      -0.4250010471585895,
      -0.12489491359046734,
      0.4261753794065389,
      0.05315030302320848,
      -0.2422785302745556,
      0.44385294434224987,
      0.8430342076994208
    ],
    [
      0.21151811545271137,
      -0.4250280761996577,
      -0.12488473632105611,
      0.42598142739485445,
      0.05311381031834407,
      -0.24209421388463945,
      0.44351515153476573,
      0.8430895925501769
    ],
    [
      0.21155031005808722,
      -0.4250068729006414,
      -0.12489475170856108,
      0.4261826830945635,
      0.053143855550236624,
      -0.24229770272546283,
      0.443873255762966,
      0.8430257429930313
    ],
    [
      0.21156620811218357,
      -0.42502407231893097,
      -0.12492107122444387,
      0.4261976317863596,
      0.05309520523168548,
      -0.24224805884681497,
      0.4438063280660464,
      0.8430080889547551
    ],
    [
      0.21163412618215297,
      -0.42491048759264016,
      -0.12486657154389974,
      0.4261135400277703,
      0.053131562666178474,
      -0.2422139955475736,
      0.4438214824593113,
      0.8431061959812315
    ]
  ],
  "timestamp": 1746885039.0052183,
  "model_state": {
    "lengthscale": [
      [
        0.33298419097011106,
        0.3757277121587796,
        0.3963647308152728,
        0.3382775938797358,
        0.32573165654269376,
        0.3516113346636024,
        0.3574119618292737,
        0.3508142167745779
      ]
    ],
    "noise": [
      0.8971875423094937
    ],
    "outputscale": 0.08500808636917752
  }
}