{
  "iteration": 7,
  "candidate_points": [
    [
      0.11847755663199071,
      -0.23973849892258783,
      0.23815201214322415,
      0.4300334519128945,
      -0.19335667304202697,
      0.16667674966067947,
      0.21216649219019632,
      0.5189072790410879
    ],
    [
      0.1184834704439804,
      -0.23972727277539022,
      0.23817870283650794,
      0.4298850361401291,
      -0.19324577497051343,
      0.16672418887933232,
      0.21209290738370015,
      0.5189828280878815
    ],
    [
      0.11849157375240413,
      -0.2397164073522756,
      0.2381547846053828,
      0.43013802485660413,
      -0.19342719123764723,
      0.16666407386053897,
      0.21222666094666215,
      0.5188667861741815
    ],
    [
      0.11841020633287326,
      -0.239828229705928,
      0.2381313612785024,
      0.43064164419633894,
      -0.1937704451057677,
      0.16650959070695712,
      0.2124811033406322,
      0.5185614414621317
    ],
    [
      0.11847731577511493,
      -0.2397336684729869,
      0.23816081146888973,
      0.4300078385428816,
      -0.19333467329768186,
      0.16668380714825662,
      0.212157399787188,
      0.5189212146070608
    ],
    [
      0.11845633969580498,
      -0.2397512323758302,
      0.2381557017320249,
      0.43008270545756005,
      -0.19331313056183033,
      0.16671570382661857,
      0.21214781648730227,
      0.5188660683649184
    ],
    [
      0.1184758535388779,
      -0.23975700931597152,
      0.23815973969448342,
      0.4301372046956297,
      -0.19340277538866915,
      0.16666224582348907,
      0.21221001119294303,
      0.5188604929940492
    ],
    [
      0.11728872278392298,
      -0.2316595290510149,
      0.2472439266825649,
      0.4198634832436653,
      -0.17943318507752445,
      0.17586307432630136,
      0.20649837479631916,
      0.5245201909809065
    ],
    [
      0.11850978816959387,
      -0.2396906034745203,
      0.23815405298206294,
      0.43010112298919095,
      -0.1933684359650375,
      0.16670335591094593,
      0.21218449285883445,
      0.5189153184079984
    ],
    [
      0.1184743052859206,
      -0.2397244653744152,
      0.23816443204003965,
      0.4300326347784932,
      -0.19336984297121906,
      0.16667445221384572,
      0.21216289124109383,
      0.5189176403738652
    ],
    [
      0.11848500262225578,
      -0.23975285698238755,
      0.23810527427141281,
      0.4301572224737723,
      -0.19345444513566126,
      0.16662732056655155,
      0.2122164252556868,
      0.5188775139470568
    ],
    [
      0.11849714485327392,
      -0.23970497874942018,
      0.238132398119027,
      0.4300526553156313,
      -0.19341577384358652,
      0.16665180804352303,
      0.212175001554772,
      0.5189385173523328
    ]
  ],
  "timestamp": 1746885317.5004792,
  "model_state": {
    "lengthscale": [
      [
        0.33306804466461026,
        0.3755044931770975,
        0.395712770837294,
        0.33892068062611724,
        0.32621722069714587,
        0.3508470051029335,
        0.36029987928839147,
        0.35107434081429034
      ]
    ],
    "noise": [
      0.9154450254571219
    ],
    "outputscale": 0.0727711457675946
  }
}