{
  "iteration": 9,
  "candidate_points": [
    [
      0.0539643706100576,
      -0.3996463463596785,
      0.33761848180673226,
      0.08058927204012488,
      0.15931731134456864,
      -0.09507710358871267,
      0.5067896185708368,
      0.3971237597407437
    ],
    [
      0.05035682516969392,
      -0.40620508830117713,
      0.33122173135629857,
      0.08276694929996428,
      0.16663914491289095,
      -0.09935550259939542,
      0.5062583266344313,
      0.396859815506092
    ],
    [
      0.05404300172249268,
      -0.39957078286865527,
      0.3376192143272696,
      0.08052798103105814,
      0.1594236271380089,
      -0.09498069107255427,
      0.5067229744884401,
      0.3972206894952818
    ],
    [
      0.0539552609219578,
      -0.3996143151272427,
      0.33763885186641723,
      0.08059890842899901,
      0.15932657535760544,
      -0.09509393061065284,
      0.5068247184353367,
      0.3971135391604547
    ],
    [
      0.053999600374557075,
      -0.39959541835936035,
      0.33763736417914064,
      0.08056800320495172,
      0.15931697695085337,
      -0.09507946114758326,
      0.5068039139497142,
      0.3971484145287928
    ],
    [
      0.05396185769596561,
      -0.39963269228368714,
      0.33761549622896336,
      0.08059000259252577,
      0.15931594520671066,
      -0.09509240942599675,
      0.5067812823982579,
      0.3971319592431456
    ],
    [
      0.053979699052146536,
      -0.3996269851130129,
      0.33762321543824453,
      0.08058518647009875,
      0.15931895502851895,
      -0.0950806048062064,
      0.506795730152971,
      0.39712790754895044
    ],
    [
      0.05397185104972515,
      -0.3996125633376484,
      0.3376374454796785,
      0.08054068428686924,
      0.1592899995270556,
      -0.09509858766011388,
      0.5068114818972695,
      0.39714546114301713
    ],
    [
      0.053966601782147794,
      -0.39963366445705273,
      0.33763364627903214,
      0.08057779260143715,
      0.15925356145917588,
      -0.09509297437068615,
      0.5067955094941888,
      0.39710985451169356
    ],
    [
      0.053964828860671235,
      -0.39963483414012246,
      0.3376259437446657,
      0.08059876697362026,
      0.1593189886094827,
      -0.09508758574128437,
      0.5068118803465176,
      0.39711112917829083
    ],
    [
      0.05397076152000311,
      -0.3996612166331547,
      0.33762835772829114,
      0.08061065809244862,
      0.15930748056748584,
      -0.09507369197252953,
      0.5067991400730907,
      0.3971527489619399
    ],
    [
      0.05398126178438953,
      -0.39958326070061234,
      0.33764200562241165,
      0.08055931296656317,
      0.15931077530649415,
      -0.09508968103697327,
      0.5067944638026646,
      0.3971749871120615
    ]
  ],
  "timestamp": 1746885862.882917,
  "model_state": {
    "lengthscale": [
      [
        0.33189492182545555,
        0.36680537819575193,
        0.3906765922864627,
        0.3411552351971364,
        0.3449853332485011,
        0.36244075968433387,
        0.38343089886058246,
        0.3461844249930799
      ]
    ],
    "noise": [
      0.9383336501897961
    ],
    "outputscale": 0.05491493977969327
  }
}