{
  "iteration": 5,
  "candidate_points": [
    [
      0.2555105151278602,
      -0.27936535228224113,
      0.3512545381731085,
      0.4956828449845797,
      0.06662696689045515,
      -0.18419860491592102,
      0.40076789081465336,
      0.5822542000524937
    ],
    [
      0.2555877071997723,
      -0.2793089697543366,
      0.3512839632667685,
      0.4956392807929703,
      0.06666819474902021,
      -0.18417895596098033,
      0.4007625716259795,
      0.5822983852770192
    ],
    [
      0.255549014634657,
      -0.27934752511304456,
      0.3512660853347629,
      0.49569663615535026,
      0.06667053283335492,
      -0.18418963040313777,
      0.4007812044509773,
      0.5822445883926455
    ],
    [
      0.2555287809095034,
      -0.27936154354717935,
      0.3512616590405451,
      0.4956648036287664,
      0.06667411979797326,
      -0.18420519902639293,
      0.40077541350633816,
      0.5822678921552277
    ],
    [
      0.25554992291886763,
      -0.2793685715265661,
      0.35123890899706706,
      0.495714343157948,
      0.06673159084980429,
      -0.18416023219714595,
      0.4007755300901001,
      0.5822366116817406
    ],
    [
      0.2555787054478639,
      -0.2793471324694593,
      0.35123350926791996,
      0.49566270734746054,
      0.06664712172474792,
      -0.1842105227547528,
      0.4007891863066615,
      0.5822924270100664
    ],
    [
      0.2555380297146149,
      -0.27934837902999143,
      0.3512618800202922,
      0.4956649459558336,
      0.0666746378491102,
      -0.18417959742838558,
      0.4007693183324316,
      0.5822536976456677
    ],
    [
      0.25554356386339133,
      -0.27935735057156436,
      0.35125147863306083,
      0.4956927293603384,
      0.06665337950437838,
      -0.18418496298475795,
      0.4007687570752869,
      0.58225097824107
    ],
    [
      0.2555539744030394,
      -0.2793397244264022,
      0.3512587051269855,
      0.4956657367818819,
      0.06668375869560932,
      -0.18421331446278313,
      0.40082333538453435,
      0.582256255816567
    ],
    [
      0.25553680592526046,
      -0.27935831865394234,
      0.3512555087070024,
      0.4956899801199582,
      0.06664492422229167,
      -0.18419227156542786,
      0.40076963911096114,
      0.5822528987755118
    ],
    [
      0.2555356632398954,
      -0.2793490093714232,
      0.3512644610975499,
      0.495683873955439,
      0.06666282268063346,
      -0.18417257273879137,
      0.4007647514722771,
      0.5822547589673878
    ],
    [
      0.2555325573781997,
      -0.27935789973423514,
      0.3512610140217046,
      0.4956859131812194,
      0.06665613385833988,
      -0.18418880813073438,
      0.40077079238057584,
      0.5822434858529492
    ]
  ],
  "timestamp": 1746884801.46224,
  "model_state": {
    "lengthscale": [
      [
        0.3220172470861596,
        0.37081807322608273,
        0.36849474897561596,
        0.33710857221437435,
        0.32786624177701257,
        0.3297050962394428,
        0.33687810484202785,
        0.356696741845832
      ]
    ],
    "noise": [
      0.9085251787353319
    ],
    "outputscale": 0.07323220615424528
  }
}