{
  "总迭代次数": 12,
  "最终最佳得分": 0.21713372887509802,
  "最佳得分提升": 0.017804984352301906,
  "平均得分提升": 0.42073305577254516,
  "总计算时间(秒)": 1046.717396736145,
  "平均每轮时间(秒)": 87.22644972801208,
  "收敛速度": 0
}