{
  "iteration": 1,
  "candidate_points": [
    [
      -0.2981312669973371,
      -0.1478281228710667,
      0.14990803554265567,
      0.5986327161220154,
      0.017968818397915795,
      -0.05049279321991475,
      0.4566198680826862,
      0.810352869426479
    ],
    [
      -0.34692137346209345,
      -0.09172619819528617,
      0.18680470288200463,
      0.4822126342780028,
      -0.007508425447450607,
      0.010613521121503246,
      0.5528414997867503,
      0.817728647884437
    ],
    [
      0.21133645122807607,
      0.06180698947501019,
      0.20700234803804948,
      0.7708417005775114,
      0.1323706829917065,
      0.16775901632704807,
      0.36696651388868706,
      0.9317967141209723
    ],
    [
      -0.12511083270743859,
      -0.3794521080645691,
      0.3315960234474385,
      0.4918699820632493,
      -0.018273663336283975,
      0.16785218477226502,
      0.6798323419124671,
      0.8804023011492276
    ],
    [
      0.08871929842059907,
      0.15194149785036348,
      0.08809118357459318,
      0.6023160258198724,
      0.13256050201208847,
      -0.20040360015911343,
      0.31776564228475385,
      0.7310491809069519
    ],
    [
      0.3966884534478447,
      0.9729135883693838,
      0.4542103160763698,
      0.9831421264732196,
      0.9735424421461593,
      0.9773461914813695,
      0.3939650377093435,
      0.4723809994938589
    ],
    [
      -0.019280818525924052,
      0.1167878001257499,
      0.2912418254061484,
      0.2567136485127581,
      -0.2503286168575525,
      -0.2676660801494121,
      0.5490707504416729,
      0.8609393999709022
    ],
    [
      0.1125523555817799,
      -0.05435799877055906,
      0.3551300189357059,
      0.7700431378758612,
      -0.06259307300780036,
      0.07874553817529599,
      0.5521929049406392,
      0.9895456043918185
    ],
    [
      0.5076240781984185,
      1.0,
      0.3965879407919705,
      0.9145452267272829,
      0.9001006105709121,
      1.0,
      0.5036492823786941,
      0.5005441290071847
    ],
    [
      0.15789182882867808,
      0.11909167765460851,
      0.19549837956136254,
      0.5586164529723634,
      0.11083741673712512,
      -0.11650747533293909,
      0.3715093906034744,
      0.6981843233339362
    ],
    [
      -0.36573404591689235,
      -0.1085933387506853,
      0.16201762864415323,
      0.4147594715140667,
      0.271820758077909,
      -0.07262492269556982,
      0.38581379414113137,
      0.7492763464396436
    ],
    [
      -0.019389791507024162,
      -0.1973282641348564,
      0.003285918907361714,
      0.39650371683230745,
      0.02341620958846277,
      -0.007605589263739889,
      0.5859175816124653,
      0.6393571025826582
    ]
  ],
  "timestamp": 1746883617.0452766,
  "model_state": {
    "lengthscale": [
      [
        0.3333650115802615,
        0.33333236324609544,
        0.33336520049660545,
        0.33332739718033455,
        0.3333446419133308,
        0.33332763765001133,
        0.33332183457447817,
        0.3333203371703345
      ]
    ],
    "noise": [
      0.9624959391985821
    ],
    "outputscale": 1.7700171527030271e-06
  }
}