{
  "iteration": 12,
  "candidate_points": [
    [
      0.3911410895786593,
      -0.5917394794349775,
      0.06137763596739713,
      0.5197112261563818,
      0.24686625279056365,
      0.13324351469625745,
      0.42876247966833425,
      0.32193506858072674
    ],
    [
      0.39113851906942965,
      -0.591738043327207,
      0.061399366441873035,
      0.519717127982746,
      0.24685786330728604,
      0.13323585171250513,
      0.4287855649380617,
      0.32193691038125877
    ],
    [
      0.3911506046015519,
      -0.5917419787329731,
      0.06138290499050266,
      0.5197365824853825,
      0.24685041510084138,
      0.13325385717399613,
      0.42877365859250716,
      0.3219576081654881
    ],
    [
      0.39116518295038893,
      -0.591735578208843,
      0.06140653174285187,
      0.5197563722748193,
      0.24685321147722117,
      0.13322117260201358,
      0.4287612892524901,
      0.32193211113210957
    ],
    [
      0.39115777592310547,
      -0.5916986399545203,
      0.06135535344787757,
      0.5197189065389849,
      0.24686701109057962,
      0.13325246832666718,
      0.42880412064311557,
      0.3219454220245309
    ],
    [
      0.3911533523545393,
      -0.5917410655550572,
      0.06135637366079117,
      0.5197147012617223,
      0.24686649646185257,
      0.13325786903248218,
      0.4287678969928367,
      0.32196713127996457
    ],
    [
      0.39114339117064933,
      -0.5917397093729402,
      0.06138556778210708,
      0.5197127909255858,
      0.2468744425625047,
      0.13324297395026807,
      0.42877841723964805,
      0.3219481928474725
    ],
    [
      0.391147512554097,
      -0.5917420296730629,
      0.06139180717592873,
      0.5197231848777015,
      0.24687311857217684,
      0.1332534575820472,
      0.428790998775033,
      0.3219414707571413
    ],
    [
      0.391161179569437,
      -0.5917295578474062,
      0.061388194803086535,
      0.5197224879169406,
      0.2468690471572748,
      0.13324440624287548,
      0.4287837787301019,
      0.3219522750284781
    ],
    [
      0.3911476698517749,
      -0.5917347021148748,
      0.061393833513985814,
      0.5197316505229332,
      0.24687838346823593,
      0.13324804481051616,
      0.4287796323465023,
      0.3219445680933427
    ],
    [
      0.3911508931689323,
      -0.5917365694388029,
      0.061399710548786554,
      0.5197214562525743,
      0.24687843556950925,
      0.13324176261135948,
      0.42878495756093105,
      0.3219430841740644
    ],
    [
      0.39111143004918114,
      -0.591763629560091,
      0.0613555336489163,
      0.519736469216537,
      0.24687708617936852,
      0.1332196032532966,
      0.42881731777261617,
      0.3219332955407494
    ]
  ],
  "timestamp": 1746886802.3769445,
  "model_state": {
    "lengthscale": [
      [
        0.3693369462121085,
        0.3868930967832952,
        0.38236130763189285,
        0.38979372000015067,
        0.4115388818010507,
        0.37466397002399493,
        0.36841857006824225,
        0.37012626800057313
      ]
    ],
    "noise": [
      0.8369117790731181
    ],
    "outputscale": 0.1396390201914838
  }
}