{
  "iteration": 11,
  "candidate_points": [
    [
      -0.022556618067293647,
      -0.5503138248563203,
      0.09255236550847383,
      0.6485212366585202,
      0.3076561248474289,
      0.024183621333485894,
      0.3930754183048949,
      0.378445900993903
    ],
    [
      -0.02253996483560133,
      -0.5503616362690875,
      0.09247887214236827,
      0.6484797799184685,
      0.30760674280652006,
      0.02421171709705361,
      0.3930855369607005,
      0.3784167502210548
    ],
    [
      -0.022534594995172866,
      -0.5503647312615813,
      0.0925535209148319,
      0.6484995902426143,
      0.30763085273407303,
      0.0241790773030087,
      0.3930653461786054,
      0.3784504055577936
    ],
    [
      -0.02251543698244107,
      -0.5503667457447485,
      0.0925483358981681,
      0.6485337833878851,
      0.3076094271367425,
      0.024182921954600672,
      0.3930593684918152,
      0.37845335079613207
    ],
    [
      -0.022546453659816446,
      -0.5503304428575124,
      0.09253680795798461,
      0.6484934187451781,
      0.3076507709238464,
      0.024194920902117778,
      0.3931044111445161,
      0.3784348640747442
    ],
    [
      -0.02251120301982277,
      -0.5503412196234242,
      0.09247053894802026,
      0.648576621977642,
      0.30759717925996244,
      0.024167864672977133,
      0.3930352663870993,
      0.3784833059342695
    ],
    [
      -0.022536999790495737,
      -0.5503623960129796,
      0.09252858106659084,
      0.6485060629566596,
      0.3076671850729583,
      0.024176986771313774,
      0.3930905640962605,
      0.37846030503240763
    ],
    [
      -0.022532109033652346,
      -0.5503464116717285,
      0.09256058502809035,
      0.6485094425326604,
      0.30765741992676504,
      0.02418277688015647,
      0.3930720606341099,
      0.3784403939942814
    ],
    [
      -0.022528010978223906,
      -0.5503532885134829,
      0.09253341671353127,
      0.6484871677069676,
      0.30763468449883413,
      0.02415697732107856,
      0.3930747150886813,
      0.3784211399982422
    ],
    [
      -0.022524560346060613,
      -0.5503232661108552,
      0.09256097555782417,
      0.6485259806994077,
      0.3076539074534754,
      0.024131041964025185,
      0.3930610993111734,
      0.37840421414264797
    ],
    [
      -0.022526968884386496,
      -0.5503310108410279,
      0.092604813836066,
      0.6485396410416403,
      0.3076851287387576,
      0.024131613984282128,
      0.3930702462435958,
      0.3784775148774377
    ],
    [
      -0.022531052403867793,
      -0.5503698996173977,
      0.0925437376321024,
      0.6485038241924612,
      0.3076258517253945,
      0.024175153897148367,
      0.39306017985763464,
      0.3784431203774322
    ]
  ],
  "timestamp": 1746886448.1747894,
  "model_state": {
    "lengthscale": [
      [
        0.3231986745884492,
        0.37877027682992664,
        0.3823923654253702,
        0.38505212952308476,
        0.4089622585421321,
        0.3628425097091942,
        0.3678904221779851,
        0.3723833119275043
      ]
    ],
    "noise": [
      0.8516850024814324
    ],
    "outputscale": 0.13863923710404852
  }
}