{
  "iteration": 8,
  "candidate_points": [
    [
      0.13999674184576827,
      -0.16978748375926264,
      0.26826394579910523,
      0.7398943458109426,
      -0.16375670568437037,
      -0.12275149125172811,
      0.7480558240403093,
      0.41509077775991854
    ],
    [
      0.14002296784359783,
      -0.16980341607168606,
      0.2682314417365651,
      0.7398814542457935,
      -0.16378096837910974,
      -0.12276209797402078,
      0.748054409033896,
      0.41508990221196274
    ],
    [
      0.13996872958383216,
      -0.16983689745790148,
      0.2682575850760242,
      0.7398851026370991,
      -0.163741130142605,
      -0.1227657842979899,
      0.7480677908086055,
      0.4150528446623136
    ],
    [
      0.13997538523473177,
      -0.16982240726472966,
      0.2682412458826827,
      0.7398995656535643,
      -0.16374261910499618,
      -0.12276704129919991,
      0.7480541804915438,
      0.41507327479293
    ],
    [
      0.13998636232615036,
      -0.1698277653769955,
      0.2682336847314143,
      0.7399060249873028,
      -0.16374640234623972,
      -0.12275588295475447,
      0.7480483702854618,
      0.41507994472221743
    ],
    [
      0.13994636089462484,
      -0.16982016285320412,
      0.2682353420825171,
      0.7399039702935625,
      -0.1637550740983515,
      -0.1227886427721294,
      0.7480347272251853,
      0.41509468623952145
    ],
    [
      0.1400466003851409,
      -0.1697679720457578,
      0.2682437069417783,
      0.7398866648761253,
      -0.16377055770938553,
      -0.12273923676898878,
      0.7480609034596365,
      0.4151372258371805
    ],
    [
      0.13997065679149415,
      -0.16983924615313645,
      0.26823235435632997,
      0.7399116088334224,
      -0.1637352269842163,
      -0.12275387035696181,
      0.7480453428492333,
      0.41506840011841045
    ],
    [
      0.1399632649047201,
      -0.16981646275638165,
      0.26824514820443324,
      0.7399327894236495,
      -0.1637583752186945,
      -0.12275470017573299,
      0.748040135604658,
      0.4150637845700421
    ],
    [
      0.13999303340767139,
      -0.1698360431602802,
      0.2682411207417857,
      0.7399027965820959,
      -0.1637639579431134,
      -0.12274041599615763,
      0.7480519804907887,
      0.4150717181959977
    ],
    [
      0.13998601503593258,
      -0.1698317780337887,
      0.26823306793825247,
      0.739912868202232,
      -0.16373999616661603,
      -0.1227534585783051,
      0.748044441704126,
      0.41507505801582195
    ],
    [
      0.14000041297110916,
      -0.16982480945494413,
      0.26823024559856185,
      0.7399015491195743,
      -0.16373220037079303,
      -0.12275663642422303,
      0.7480657900039116,
      0.4150917471246642
    ]
  ],
  "timestamp": 1746885571.0657218,
  "model_state": {
    "lengthscale": [
      [
        0.33148664615727047,
        0.3701868949043209,
        0.3943550276991417,
        0.3387050449120272,
        0.3441320860737384,
        0.3630273561096744,
        0.38478375189199615,
        0.3481640399116865
      ]
    ],
    "noise": [
      0.9234931053364813
    ],
    "outputscale": 0.06738179838193772
  }
}