{
  "iteration": [
    1,
    2,
    3,
    4,
    5,
    6,
    7,
    8,
    9,
    10,
    11,
    12
  ],
  "best_score": [
    0.19932874452279611,
    0.06964783852135714,
    0.0171642746689598,
    0.0,
    0.0,
    0.0,
    0.0,
    0.06628659374960773,
    0.0,
    0.1226514522027809,
    0.0,
    0.21713372887509802
  ],
  "avg_score": [
    -1.0667226046231002,
    -0.849904246394324,
    -1.017264012524002,
    -1.3333333333333333,
    -0.8333333333333334,
    -1.125,
    -1.0,
    -1.1194761171875327,
    -0.9993470972677883,
    -0.2972310360395514,
    -0.6411925498220831,
    -0.645989548850555
  ],
  "computation_time": [
    52.67299222946167,
    85.64712953567505,
    91.38969087600708,
    55.05596089363098,
    55.64289164543152,
    54.98170876502991,
    55.74421525001526,
    75.35650038719177,
    95.48438024520874,
    154.66399788856506,
    80.20354294776917,
    189.8743860721588
  ]
}