{
  "iteration": 3,
  "candidate_points": [
    [
      0.09763941090341913,
      -0.019732045444351656,
      -0.11187735868378483,
      0.3705172683979072,
      0.06291079680139453,
      -0.054804387621886094,
      0.535713300885682,
      0.4520250581954676
    ],
    [
      0.09762847067950652,
      -0.019731774453647252,
      -0.11194517744288236,
      0.37050418071046115,
      0.06290298523189859,
      -0.05481828299144857,
      0.5357397556973389,
      0.4520654431116588
    ],
    [
      0.09763402370028806,
      -0.019712615661681435,
      -0.11194971201710484,
      0.370500917271941,
      0.06290368115924891,
      -0.05480593837394692,
      0.5357454454884464,
      0.45207933089280916
    ],
    [
      0.0976302014938646,
      -0.019726865353544485,
      -0.11194903096845113,
      0.3705030360733918,
      0.06289325264106695,
      -0.05482180746488361,
      0.535743045145814,
      0.45207224593481676
    ],
    [
      0.09764025351797595,
      -0.01974777479771527,
      -0.11197851971338839,
      0.37049051657144283,
      0.0629057561027156,
      -0.05483076189942376,
      0.5357417060423125,
      0.45210511804013426
    ],
    [
      0.09764427195512086,
      -0.019727538453717764,
      -0.11197813904685724,
      0.37051303525095214,
      0.06290335269250848,
      -0.05482704439665669,
      0.5357447870742196,
      0.45209022530964627
    ],
    [
      0.09763015035480935,
      -0.01973256265426082,
      -0.11194908640991705,
      0.3705084210993464,
      0.06290698582270715,
      -0.05482628271802831,
      0.5357491450034993,
      0.45206930125159417
    ],
    [
      0.09765422366413606,
      -0.01971214647769377,
      -0.11190790824676713,
      0.3705371863465023,
      0.06290920005010607,
      -0.0548187411899216,
      0.5357214187899522,
      0.4520360746293743
    ],
    [
      0.09762919401356825,
      -0.019715357291123278,
      -0.1119351840457325,
      0.37050373425982086,
      0.06289800143932761,
      -0.05482545630259594,
      0.5357428279959157,
      0.45205576315571855
    ],
    [
      0.09765823595266371,
      -0.01973444354718126,
      -0.11195523667566595,
      0.3705201241623159,
      0.06286702273363064,
      -0.054846663367310956,
      0.5357316333525054,
      0.4520830469920924
    ],
    [
      0.09761081868296688,
      -0.019723762695225053,
      -0.11196092442099598,
      0.37050646269815335,
      0.06289195073378515,
      -0.05484995671763765,
      0.5357769897183589,
      0.4520545407482583
    ],
    [
      0.09762213477592846,
      -0.019726355610686728,
      -0.11194844114267455,
      0.37050731283315297,
      0.06292981051633915,
      -0.05483885765840027,
      0.5357764643024996,
      0.4520603037093498
    ]
  ],
  "timestamp": 1746884219.9874039,
  "model_state": {
    "lengthscale": [
      [
        0.31056504180135913,
        0.3782550891466081,
        0.3812978336509063,
        0.33336644819428213,
        0.32077282805560287,
        0.33364211157814366,
        0.35091098571465995,
        0.3632292371012372
      ]
    ],
    "noise": [
      0.8045682173977146
    ],
    "outputscale": 0.13756575895395062
  }
}