{
  "iteration": 10,
  "candidate_points": [
    [
      0.18621184128225662,
      -0.4650227777259746,
      0.11870535341889746,
      0.6125113001274142,
      0.37535518589185407,
      0.15342625321116946,
      0.3669055712868327,
      0.39148983497247697
    ],
    [
      0.18619187177223434,
      -0.46501727819297706,
      0.11869949060256305,
      0.6125267900289466,
      0.37536102238556746,
      0.15334076046808026,
      0.3669199699244208,
      0.3914227181355623
    ],
    [
      0.1862489639737144,
      -0.4650487120793668,
      0.11870381713291195,
      0.6124633276034285,
      0.3754197465990036,
      0.15340683545500433,
      0.3669433530690942,
      0.39151210192079894
    ],
    [
      0.1862284817556094,
      -0.4649870932189937,
      0.11873203356423279,
      0.6124948344280111,
      0.3753777508760854,
      0.1534372720244597,
      0.36689454859807596,
      0.3915150326181654
    ],
    [
      0.18617451785149502,
      -0.46502418720627925,
      0.11871452221216547,
      0.6125285062367468,
      0.37535773674711015,
      0.15340997100015427,
      0.3669080039078409,
      0.39148076491420775
    ],
    [
      0.18626093604707392,
      -0.46505882062891624,
      0.11871787398556455,
      0.6125087574666884,
      0.37536829296896695,
      0.1533929761197336,
      0.3668957495799717,
      0.3914264686244165
    ],
    [
      0.1862121746222265,
      -0.4649608892964263,
      0.11877978083348054,
      0.6124976417465738,
      0.3753988381875257,
      0.15344435172768767,
      0.3669404764046988,
      0.3914813674862765
    ],
    [
      0.18619166180107136,
      -0.46503915244460986,
      0.11871937922626837,
      0.6125413948411412,
      0.3753118227163062,
      0.15342267849966407,
      0.3668960634511559,
      0.3914690919378191
    ],
    [
      0.186224141824293,
      -0.46500569844730655,
      0.11868504096065685,
      0.6125032788845988,
      0.37536057152599056,
      0.15340173383275382,
      0.3668654342822842,
      0.39147706905952234
    ],
    [
      0.18620851850257655,
      -0.4650290280444103,
      0.1187094695222301,
      0.6125213717057384,
      0.37537806501545523,
      0.1534372381744816,
      0.3669038031242994,
      0.39147346420107704
    ],
    [
      0.18615966523215435,
      -0.4650133219514394,
      0.11872310827781751,
      0.6125329397642546,
      0.37538835484267896,
      0.15341262447992085,
      0.3668851850746224,
      0.39148893331108975
    ],
    [
      0.18621094591763487,
      -0.46501120938713564,
      0.11871354974422686,
      0.612499786749192,
      0.3753583968348062,
      0.15342473123751985,
      0.366903644413961,
      0.3914840030270703
    ]
  ],
  "timestamp": 1746886203.5695238,
  "model_state": {
    "lengthscale": [
      [
        0.3327889511482812,
        0.35854266376633226,
        0.37952242826140953,
        0.36139873829100694,
        0.3455615518101316,
        0.3554914566981979,
        0.37005778966827363,
        0.3446903725276871
      ]
    ],
    "noise": [
      0.9571513876785662
    ],
    "outputscale": 0.037145726847653535
  }
}