{
  "iteration": 2,
  "candidate_points": [
    [
      0.09626747474034826,
      -0.33289569479004155,
      0.12067357594988481,
      0.40812021279467514,
      -0.004459694338210231,
      0.08823884290073657,
      0.6575274166011666,
      0.6658589580132291
    ],
    [
      0.09624472811070152,
      -0.33289078659162724,
      0.12066047861942898,
      0.40812159778777385,
      -0.0044615593702078855,
      0.08823399197669939,
      0.6575227039723077,
      0.6658647241883315
    ],
    [
      0.09625902346424683,
      -0.3328990603414761,
      0.12067560196416233,
      0.4081174663622262,
      -0.004465245384181453,
      0.0882489995746588,
      0.657531829659388,
      0.6658632609169138
    ],
    [
      0.09627175435628917,
      -0.3329049056994771,
      0.12067473110191856,
      0.4081208002034638,
      -0.0044669637756341194,
      0.08824764145817386,
      0.6575285490422472,
      0.6658533617692673
    ],
    [
      0.09626753924900879,
      -0.33289879059138466,
      0.12067541644929594,
      0.40811902245512505,
      -0.004466163979016489,
      0.08824875982995985,
      0.6575350773798825,
      0.6658535934166718
    ],
    [
      0.09625947861488672,
      -0.33289782154632963,
      0.12067472948198964,
      0.40811941747487557,
      -0.004463270184855143,
      0.08824284490184237,
      0.6575290560089267,
      0.6658622553951823
    ],
    [
      0.09626637099702813,
      -0.33290218460638377,
      0.12067084480702452,
      0.4081206984474856,
      -0.004462981209457469,
      0.08823528044581011,
      0.6575281717572709,
      0.6658606384845372
    ],
    [
      0.09626680750504941,
      -0.33289313682418603,
      0.12067494938828817,
      0.4081205148664926,
      -0.0044598513289642195,
      0.08824180489195126,
      0.6575282150040334,
      0.6658601935134695
    ],
    [
      0.09626312582126444,
      -0.3328970841856722,
      0.12067488827664284,
      0.4081235733464733,
      -0.0044613662314922755,
      0.0882453586950418,
      0.6575322236645059,
      0.6658716192648416
    ],
    [
      0.09626333073296175,
      -0.33289935127983283,
      0.12067483997936927,
      0.4081148773741887,
      -0.004462888794877202,
      0.08824367846108477,
      0.6575347170341213,
      0.6658634442619141
    ],
    [
      0.09627374904398488,
      -0.3329063619357565,
      0.12068086990813726,
      0.4081020564413051,
      -0.004451837278550797,
      0.08824153697885832,
      0.6575337174965843,
      0.6658526216276099
    ],
    [
      0.0962605566390041,
      -0.33289821995911006,
      0.1206756644073875,
      0.4081198647646419,
      -0.0044624335565604835,
      0.08824114445574553,
      0.6575278332567555,
      0.6658612151658245
    ]
  ],
  "timestamp": 1746883919.2144299,
  "model_state": {
    "lengthscale": [
      [
        0.32704867552648015,
        0.3419058714391167,
        0.34136994009393234,
        0.3337849524617552,
        0.3309402280540392,
        0.332157315431837,
        0.3367057281038494,
        0.33872361772920423
      ]
    ],
    "noise": [
      0.9472429252314837
    ],
    "outputscale": 0.027568765730415664
  }
}