{
  "x_values": [
    0.9788526296615601,
    -0.1973282641348564,
    -0.5917365694388029
  ],
  "y_values": [
    0.8713663220405579,
    0.39650371683230745,
    0.5197214562525743
  ],
  "scores": [
    0.0,
    0.19932874452279611,
    0.21713372887509802
  ],
  "dim1": 1,
  "dim2": 3
}