{
  "x_values": [
    0.39834079146385193,
    0.003285918907361714,
    0.061399710548786554
  ],
  "y_values": [
    0.8713663220405579,
    0.39650371683230745,
    0.5197214562525743
  ],
  "scores": [
    0.0,
    0.19932874452279611,
    0.21713372887509802
  ],
  "dim1": 2,
  "dim2": 3
}