{
  "x_values": [
    0.9788526296615601,
    -0.1973282641348564,
    -0.5917365694388029
  ],
  "y_values": [
    0.39834079146385193,
    0.003285918907361714,
    0.061399710548786554
  ],
  "scores": [
    0.0,
    0.19932874452279611,
    0.21713372887509802
  ],
  "dim1": 1,
  "dim2": 2
}