{
  "intrinsic_dim": [
    8,
    8
  ],
  "batch_size": [
    12,
    12
  ],
  "final_score": [
    null,
    0.0
  ],
  "total_time": [
    7.3909759521484375e-06,
    3544.72665643692
  ]
}