{
  "x_values": [
    0.5243664383888245,
    -0.019389791507024162,
    0.3911508931689323
  ],
  "y_values": [
    0.39834079146385193,
    0.003285918907361714,
    0.061399710548786554
  ],
  "scores": [
    0.0,
    0.19932874452279611,
    0.21713372887509802
  ],
  "dim1": 0,
  "dim2": 2
}