{
  "x_values": [
    0.5243664383888245,
    -0.019389791507024162,
    0.3911508931689323
  ],
  "y_values": [
    0.8713663220405579,
    0.39650371683230745,
    0.5197214562525743
  ],
  "scores": [
    0.0,
    0.19932874452279611,
    0.21713372887509802
  ],
  "dim1": 0,
  "dim2": 3
}