intrinsic_dim,n_init,n_iterations,batch_size,final_score,total_time
8,24,24,12,,3.814697265625e-06
8,24,24,12,4.294045877456665,6685.807553529739
