{
  "iteration": [
    1,
    2,
    3,
    4,
    5,
    6,
    7,
    8,
    9,
    10,
    11,
    12,
    13,
    14,
    15,
    16,
    17,
    18,
    19,
    20,
    21,
    22,
    23,
    24
  ],
  "best_score": [
    3.7923895835876467,
    0.0,
    0.0,
    4.819424790143967,
    0.0,
    6.074042794108391,
    3.016391134262085,
    5.7393871486186985,
    5.49747456908226,
    0.5690136909484864,
    5.69165005683899,
    5.404330027103424,
    2.4599206924438475,
    5.29939900636673,
    3.91369469165802,
    5.422979748249054,
    0.0,
    5.124208462238312,
    0.7392681121826173,
    2.672387933731079,
    0.0,
    3.8374563932418826,
    5.330126476287842,
    5.08846880197525
  ],
  "avg_score": [
    -0.7673008680343628,
    -1.3333333333333333,
    -1.3333333333333333,
    -0.6817146008213362,
    -0.9583333333333334,
    -1.076462133973837,
    -0.8736340721448262,
    0.36432137042284013,
    -0.166877119243145,
    -1.035915525754293,
    0.5528884559869767,
    0.06814070244630181,
    -1.0866732756296793,
    0.02219967544078827,
    -0.6321921090284983,
    -0.16882032255331678,
    -1.0416666666666667,
    -0.6979826281468074,
    -1.271727657318115,
    -0.8189676721890767,
    -0.9166666666666666,
    -0.5121099650859833,
    0.9220284909009934,
    -0.15237867136796313
  ],
  "computation_time": [
    3.651257276535034,
    2.9207966327667236,
    2.497390031814575,
    1.9884932041168213,
    2.3748044967651367,
    1.7422261238098145,
    2.1002180576324463,
    1.827568531036377,
    1.7997684478759766,
    1.0580518245697021,
    2.0573770999908447,
    1.544607400894165,
    1.6400079727172852,
    1.9610726833343506,
    1.603010654449463,
    1.639303207397461,
    1.5793399810791016,
    2.0547895431518555,
    2.395801067352295,
    4.88692831993103,
    3.136115312576294,
    2.226234197616577,
    1.92051100730896,
    1.7324087619781494
  ]
}