{
  "总迭代次数": 24,
  "最终最佳得分": 5.08846880197525,
  "最佳得分提升": 1.2960792183876038,
  "平均得分提升": 0.6149221966663997,
  "总计算时间(秒)": 52.33808183670044,
  "平均每轮时间(秒)": 2.1807534098625183,
  "收敛速度": 3
}