{
  "x_values": [
    0.5243664383888245,
    -0.5905312299728394,
    0.2656468451023102,
    -0.6207265257835388
  ],
  "y_values": [
    0.9788526296615601,
    0.18118824064731598,
    0.13641192018985748,
    -0.36714574694633484
  ],
  "scores": [
    0.0,
    3.7923895835876467,
    4.819424790143967,
    6.074042794108391
  ],
  "dim1": 0,
  "dim2": 1
}