{
  "x_values": [
    0.5243664383888245,
    -0.5905312299728394,
    0.2656468451023102,
    -0.6207265257835388
  ],
  "y_values": [
    0.39834079146385193,
    0.1825239509344101,
    0.9751400947570801,
    0.9410485029220581
  ],
  "scores": [
    0.0,
    3.7923895835876467,
    4.819424790143967,
    6.074042794108391
  ],
  "dim1": 0,
  "dim2": 2
}