{
  "x_values": [
    0.5243664383888245,
    -0.5905312299728394,
    0.2656468451023102,
    -0.6207265257835388
  ],
  "y_values": [
    0.8713663220405579,
    0.3416122496128082,
    0.8341642618179321,
    -0.6871941685676575
  ],
  "scores": [
    0.0,
    3.7923895835876467,
    4.819424790143967,
    6.074042794108391
  ],
  "dim1": 0,
  "dim2": 3
}