{
  "x_values": [
    0.39834079146385193,
    0.1825239509344101,
    0.9751400947570801,
    0.9410485029220581
  ],
  "y_values": [
    0.8713663220405579,
    0.3416122496128082,
    0.8341642618179321,
    -0.6871941685676575
  ],
  "scores": [
    0.0,
    3.7923895835876467,
    4.819424790143967,
    6.074042794108391
  ],
  "dim1": 2,
  "dim2": 3
}