{
  "x_values": [
    0.9788526296615601,
    0.18118824064731598,
    0.13641192018985748,
    -0.36714574694633484
  ],
  "y_values": [
    0.39834079146385193,
    0.1825239509344101,
    0.9751400947570801,
    0.9410485029220581
  ],
  "scores": [
    0.0,
    3.7923895835876467,
    4.819424790143967,
    6.074042794108391
  ],
  "dim1": 1,
  "dim2": 2
}