{
  "intrinsic_dim": [
    8,
    8
  ],
  "batch_size": [
    12,
    12
  ],
  "final_score": [
    null,
    4.294045877456665
  ],
  "total_time": [
    3.814697265625e-06,
    6685.807553529739
  ]
}