{
  "iteration": [
    1,
    2,
    3,
    4,
    5,
    6,
    7,
    8,
    9,
    10,
    11,
    12
  ],
  "best_score": [
    4.980645847320557,
    5.331564709544182,
    5.5337261199951175,
    5.272637045383453,
    5.209079372882843,
    4.398817801475525,
    5.970451113581658,
    4.362319731712342,
    4.765483570098877,
    5.449612247943878,
    2.405337762832642,
    4.124312496185302
  ],
  "avg_score": [
    -0.20054988066355386,
    -0.43070294087131816,
    0.03390439351399743,
    0.31429572006066636,
    0.19836116234461465,
    -0.38343184987703954,
    0.10836204066872601,
    -0.34480668902397155,
    0.43661328752835593,
    0.5214484165112175,
    -0.5495551864306132,
    -0.22026548385620118
  ],
  "computation_time": [
    3.7657032012939453,
    2.979490280151367,
    2.3903801441192627,
    1.9948604106903076,
    2.085258722305298,
    1.6476008892059326,
    1.8052842617034912,
    1.5999927520751953,
    1.6483664512634277,
    1.6709299087524414,
    2.0990819931030273,
    1.8927829265594482
  ]
}