{
  "总迭代次数": 12,
  "最终最佳得分": 4.124312496185302,
  "最佳得分提升": -0.8563333511352544,
  "平均得分提升": -0.019715603192647313,
  "总计算时间(秒)": 25.579731941223145,
  "平均每轮时间(秒)": 2.131644328435262,
  "收敛速度": 0
}