{
  "intrinsic_dim": [
    12,
    12
  ],
  "batch_size": [
    12,
    12
  ],
  "final_score": [
    null,
    -1.5
  ],
  "total_time": [
    6.198883056640625e-06,
    3247.4192910194397
  ]
}