{
  "x_values": [
    0.8614767789840698,
    -0.5210719108581543,
    -0.23306654393672943,
    0.041912712156772614,
    -0.6901543736457825
  ],
  "y_values": [
    0.5045157670974731,
    0.6903245449066162,
    0.3476408123970032,
    0.21423956751823425,
    0.7851036787033081
  ],
  "scores": [
    0.0,
    4.980645847320557,
    5.331564709544182,
    5.5337261199951175,
    5.970451113581658
  ],
  "dim1": 0,
  "dim2": 2
}