{
  "x_values": [
    0.8614767789840698,
    -0.5210719108581543,
    -0.23306654393672943,
    0.041912712156772614,
    -0.6901543736457825
  ],
  "y_values": [
    0.16601133346557617,
    0.5948632955551147,
    0.7501723766326904,
    -0.29129165410995483,
    0.9467042684555054
  ],
  "scores": [
    0.0,
    4.980645847320557,
    5.331564709544182,
    5.5337261199951175,
    5.970451113581658
  ],
  "dim1": 0,
  "dim2": 1
}