{
  "x_values": [
    0.8614767789840698,
    -0.5210719108581543,
    -0.23306654393672943,
    0.041912712156772614,
    -0.6901543736457825
  ],
  "y_values": [
    0.5702548623085022,
    -0.2673727571964264,
    0.39646315574645996,
    0.4308350682258606,
    0.5239032506942749
  ],
  "scores": [
    0.0,
    4.980645847320557,
    5.331564709544182,
    5.5337261199951175,
    5.970451113581658
  ],
  "dim1": 0,
  "dim2": 3
}