{
  "x_values": [
    0.5045157670974731,
    0.6903245449066162,
    0.3476408123970032,
    0.21423956751823425,
    0.7851036787033081
  ],
  "y_values": [
    0.5702548623085022,
    -0.2673727571964264,
    0.39646315574645996,
    0.4308350682258606,
    0.5239032506942749
  ],
  "scores": [
    0.0,
    4.980645847320557,
    5.331564709544182,
    5.5337261199951175,
    5.970451113581658
  ],
  "dim1": 2,
  "dim2": 3
}