{
  "x_values": [
    0.16601133346557617,
    0.5948632955551147,
    0.7501723766326904,
    -0.29129165410995483,
    0.9467042684555054
  ],
  "y_values": [
    0.5702548623085022,
    -0.2673727571964264,
    0.39646315574645996,
    0.4308350682258606,
    0.5239032506942749
  ],
  "scores": [
    0.0,
    4.980645847320557,
    5.331564709544182,
    5.5337261199951175,
    5.970451113581658
  ],
  "dim1": 1,
  "dim2": 3
}