{
  "iteration": [
    1,
    2,
    3,
    4,
    5,
    6,
    7,
    8,
    9,
    10,
    11,
    12,
    13,
    14,
    15,
    16
  ],
  "best_score": [
    6.328148317337036,
    5.794856286048889,
    5.991744956374168,
    5.894828903675079,
    5.314928030967712,
    5.773623526096344,
    5.868946552276611,
    6.085863356292248,
    5.584412281215191,
    6.085009780526161,
    5.479114007949829,
    0.16067171096801758,
    6.841160607337951,
    5.494219565391541,
    6.079432246088982,
    6.808015167713165
  ],
  "avg_score": [
    0.899498575180769,
    -0.23113196492195134,
    0.2822017836074034,
    0.4149413774410884,
    0.1801194012165069,
    1.0802562495072683,
    0.3262994696696599,
    1.1988055540869633,
    0.9563807143519322,
    1.187060645967722,
    0.5356579919656118,
    -1.330862275759379,
    0.9759733592470488,
    0.6890341699123383,
    0.5548626797894638,
    1.3496481170256933
  ],
  "computation_time": [
    3.855045795440674,
    3.1427886486053467,
    2.6424992084503174,
    1.9637908935546875,
    2.0750656127929688,
    1.6222305297851562,
    1.5851802825927734,
    1.6583409309387207,
    1.6197338104248047,
    1.7723886966705322,
    1.9837265014648438,
    1.5005648136138916,
    1.2800066471099854,
    1.5495362281799316,
    1.4652245044708252,
    1.3593895435333252
  ]
}