{
  "总迭代次数": 16,
  "最终最佳得分": 6.808015167713165,
  "最佳得分提升": 0.479866850376129,
  "平均得分提升": 0.4501495418449243,
  "总计算时间(秒)": 31.075512647628784,
  "平均每轮时间(秒)": 1.942219540476799,
  "收敛速度": 0
}