{
  "x_values": [
    0.16601133346557617,
    0.301067054271698,
    0.606512725353241,
    0.29593518376350403
  ],
  "y_values": [
    0.5045157670974731,
    -0.0698288306593895,
    -0.0022182902321219444,
    0.7046292424201965
  ],
  "scores": [
    0.0,
    5.874897614121437,
    6.328148317337036,
    6.841160607337951
  ],
  "dim1": 1,
  "dim2": 2
}