{
  "intrinsic_dim": [
    12,
    12
  ],
  "batch_size": [
    12,
    12
  ],
  "final_score": [
    null,
    -2.0
  ],
  "total_time": [
    4.291534423828125e-06,
    4890.535309076309
  ]
}