{
  "x_values": [
    0.8614767789840698,
    0.2232738584280014,
    0.9695504307746887,
    0.3522951304912567
  ],
  "y_values": [
    0.5045157670974731,
    -0.0698288306593895,
    -0.0022182902321219444,
    0.7046292424201965
  ],
  "scores": [
    0.0,
    5.874897614121437,
    6.328148317337036,
    6.841160607337951
  ],
  "dim1": 0,
  "dim2": 2
}