{
  "x_values": [
    0.5045157670974731,
    -0.0698288306593895,
    -0.0022182902321219444,
    0.7046292424201965
  ],
  "y_values": [
    0.5702548623085022,
    0.5951414704322815,
    -0.42228424549102783,
    -0.9473220109939575
  ],
  "scores": [
    0.0,
    5.874897614121437,
    6.328148317337036,
    6.841160607337951
  ],
  "dim1": 2,
  "dim2": 3
}