{
  "x_values": [
    0.16601133346557617,
    0.301067054271698,
    0.606512725353241,
    0.29593518376350403
  ],
  "y_values": [
    0.5702548623085022,
    0.5951414704322815,
    -0.42228424549102783,
    -0.9473220109939575
  ],
  "scores": [
    0.0,
    5.874897614121437,
    6.328148317337036,
    6.841160607337951
  ],
  "dim1": 1,
  "dim2": 3
}