{
  "x_values": [
    0.8614767789840698,
    0.2232738584280014,
    0.9695504307746887,
    0.3522951304912567
  ],
  "y_values": [
    0.5702548623085022,
    0.5951414704322815,
    -0.42228424549102783,
    -0.9473220109939575
  ],
  "scores": [
    0.0,
    5.874897614121437,
    6.328148317337036,
    6.841160607337951
  ],
  "dim1": 0,
  "dim2": 3
}