{
  "x_values": [
    0.8614767789840698,
    0.2232738584280014,
    0.9695504307746887,
    0.3522951304912567
  ],
  "y_values": [
    0.16601133346557617,
    0.301067054271698,
    0.606512725353241,
    0.29593518376350403
  ],
  "scores": [
    0.0,
    5.874897614121437,
    6.328148317337036,
    6.841160607337951
  ],
  "dim1": 0,
  "dim2": 1
}